cohort,draw,top1,bal_acc,macro_f1,auc_ovr,n
hiba,0,0.6666666666666666,0.47020499377868974,0.46419295961577944,0.8503400416902488,435
pad,0,0.5709459459459459,0.5584401709401711,0.39789234612764024,0.8531190490906729,296
hiba,1,0.5902578796561605,0.5109911913483343,0.4804102943848785,0.8618416342982476,349
pad,1,0.5782312925170068,0.6499839638268663,0.42664799507042245,0.8781324068952486,294
hiba,2,0.5015873015873016,0.37141416462418303,0.3831247514673009,0.8135704330759329,315
pad,2,0.6085526315789473,0.6081056194315863,0.4108143898585075,0.8483389476266058,304
hiba,3,0.5,0.37290914471849346,0.3731433930908186,0.7829122360713738,330
pad,3,0.5677655677655677,0.5844408940153621,0.4269778523813781,0.8537229360482007,273
hiba,4,0.5439560439560439,0.4520224587006574,0.4470707091815381,0.8209095240053317,364
pad,4,0.6048109965635738,0.5652633691095229,0.39473238374384534,0.8540285578000195,291
hiba,5,0.5819935691318328,0.47525253964224845,0.46460088340329575,0.855038787645926,311
pad,5,0.5884476534296029,0.49147459150904144,0.3345156179122023,0.8515242922778216,277
hiba,6,0.5201465201465202,0.4293265639589169,0.42147591461433814,0.8214476380685207,273
pad,6,0.5777027027027027,0.5967282717282717,0.40546711828544124,0.8643431337720763,296
hiba,7,0.5520833333333334,0.4351751362980583,0.4395848028482934,0.8182958652829451,384
pad,7,0.6015037593984962,0.6022100526056221,0.37309568540911825,0.8507952628100148,266
hiba,8,0.5604395604395604,0.4858894680658896,0.47501217886237246,0.7987780396056817,364
pad,8,0.6082474226804123,0.5501163909189325,0.40560613081697416,0.8558739934115835,291
hiba,9,0.6361031518624641,0.4292921893246227,0.4414661720293754,0.8018442285840051,349
pad,9,0.5463576158940397,0.5104439679066545,0.374875996004631,0.8097102865290018,302
hiba,10,0.4798657718120805,0.35971949145711335,0.3731206098779856,0.7580647678723915,298
pad,10,0.5836298932384342,0.567798486916134,0.38556408481302895,0.8550707113560132,281
hiba,11,0.51875,0.4203535064681719,0.4150938823818081,0.8219474248113681,320
pad,11,0.5610687022900763,0.44089081832710014,0.31137049015739643,0.8256476274486394,262
hiba,12,0.6257142857142857,0.4360312218292767,0.4450284940202543,0.8389865969885191,350
pad,12,0.5746268656716418,0.5067890729959695,0.3073415041698923,0.8531403329764196,268
hiba,13,0.5020242914979757,0.42535342346923233,0.4282734296233183,0.8034915626210937,247
pad,13,0.6221374045801527,0.5564945137214821,0.3965569756330626,0.8584437377863533,262
hiba,14,0.5988700564971752,0.4397774482373268,0.43684483385884065,0.8263445784060521,354
pad,14,0.5547945205479452,0.5037984089518314,0.3151688065554903,0.8457202524573261,292
hiba,15,0.5226480836236934,0.417093032415613,0.39093672644631605,0.8082844992226697,287
pad,15,0.6052631578947368,0.57736716761107,0.40447700281666127,0.8682823480565242,304
hiba,16,0.5466666666666666,0.4157138480526772,0.4067533276462262,0.7933658549096845,375
pad,16,0.5585284280936454,0.4736885359354996,0.34161517951302456,0.8234967850251765,299
hiba,17,0.6094808126410836,0.4489085056593648,0.43958521374337567,0.8471489298839656,443
pad,17,0.5582191780821918,0.4837297184497882,0.34236040219302744,0.8201084931066184,292
hiba,18,0.5763688760806917,0.46424383619568044,0.45637155208484204,0.8580519102775632,347
pad,18,0.5856164383561644,0.48416773043638717,0.35094754699373787,0.8374849902693661,292
hiba,19,0.5547445255474452,0.429557610264132,0.43303911147143226,0.8077373950309336,274
pad,19,0.5698529411764706,0.5522577630420767,0.3937721446276579,0.8475065144439583,272
hiba,20,0.49700598802395207,0.3600247164083024,0.3556149441763999,0.7967745813968996,334
pad,20,0.5842696629213483,0.573764994895026,0.38692285735527976,0.8536827311413634,267
hiba,21,0.5384615384615384,0.4108967013378778,0.4024908948135418,0.7947369597709211,273
pad,21,0.5857142857142857,0.46834768849173036,0.3475535073778264,0.8487954572500048,280
hiba,22,0.46567164179104475,0.38738967260158347,0.3474349082073601,0.7909078113792358,335
pad,22,0.5516014234875445,0.576500752705572,0.38005820549696384,0.8454230973136873,281
hiba,23,0.5,0.37575465792377555,0.3500092361271996,0.8144695198391387,276
pad,23,0.5871886120996441,0.562634279300946,0.3856382356382356,0.8332617472255324,281
hiba,24,0.4884488448844885,0.36560891204161916,0.3657618559718969,0.7632941017836768,303
pad,24,0.5408163265306123,0.4880802267426838,0.33257300727276906,0.8194121728888831,294
hiba,25,0.5062111801242236,0.40171699188284643,0.4112882715356597,0.789795612278847,322
pad,25,0.5338345864661654,0.4387395550186248,0.32222564825734257,0.828856375191938,266
hiba,26,0.5555555555555556,0.3808189568562468,0.3867965686176016,0.7974790025521981,405
pad,26,0.5743944636678201,0.596493151479185,0.3850858114907985,0.8593009173786634,289
hiba,27,0.5614035087719298,0.4012036664185338,0.4099742233454021,0.7972207408934133,399
pad,27,0.5865724381625441,0.5397741147741147,0.3692645103990213,0.8502637575710157,283
hiba,28,0.4984025559105431,0.4043045013510045,0.40106738133624886,0.8382354529445311,313
pad,28,0.5798045602605864,0.5554407668180122,0.40265242320490247,0.8438856326427421,307
hiba,29,0.5880829015544041,0.4298493425697024,0.4300740636123921,0.8077906139967976,386
pad,29,0.5932203389830508,0.5611873649100864,0.4009624157893686,0.8373005176600791,295
hiba,30,0.5336927223719676,0.3812395937395937,0.3740805068944353,0.7928872766167474,371
pad,30,0.5919732441471572,0.5596015543519404,0.3704691170989491,0.8622888290938379,299
hiba,31,0.5723076923076923,0.42778173165401423,0.436616569704805,0.7998964796292779,325
pad,31,0.578544061302682,0.4393174080674081,0.30693742948486863,0.8196498916602767,261
hiba,32,0.5387205387205387,0.4236086210700055,0.43119431643625195,0.7833218257276819,297
pad,32,0.6167247386759582,0.5625921013852048,0.3923915400960596,0.8683900443225513,287
hiba,33,0.5766423357664233,0.3478992412815942,0.31986759343110643,0.7797546826620957,411
pad,33,0.5409836065573771,0.4804803039408197,0.30777492245396265,0.8192789549061877,244
hiba,34,0.5102639296187683,0.40233601662380203,0.41216362470788537,0.7767055524834113,341
pad,34,0.5898305084745763,0.5133522727272727,0.37241941957011915,0.8342314537526905,295
hiba,35,0.5637982195845698,0.4777194479036732,0.4417611910662811,0.8523623233008654,337
pad,35,0.5734767025089605,0.5665678984621271,0.39144349799201617,0.8465233530312927,279
hiba,36,0.512987012987013,0.42922295175584646,0.43378165548206243,0.7953308462396755,308
pad,36,0.6294964028776978,0.5331531224504549,0.35625497130410305,0.8778841637766969,278
hiba,37,0.6036585365853658,0.4236529144031714,0.4194578997728111,0.8108831214924049,328
pad,37,0.6,0.5682589652042979,0.4004871990376153,0.8460725857364316,280
hiba,38,0.6453333333333333,0.47171556122448977,0.45560549403912787,0.8357299316233314,375
pad,38,0.562962962962963,0.46908019093545383,0.34616570508800537,0.8366764779658554,270
hiba,39,0.555858310626703,0.38773116625732557,0.35721742611076557,0.8234879958812141,367
pad,39,0.582089552238806,0.5529261217199507,0.393421942812744,0.8227122703783368,268
hiba,40,0.5694822888283378,0.47921834818657444,0.4752444147960768,0.8346185431870367,367
pad,40,0.5951557093425606,0.5917480667480667,0.4217331590193433,0.8555889823526378,289
hiba,41,0.6336088154269972,0.4381454734725758,0.44669362706966886,0.847144491089481,363
pad,41,0.5898305084745763,0.49491619491619493,0.35036289890128974,0.853535442213571,295
hiba,42,0.5278688524590164,0.45598599374908155,0.4461277064651957,0.8329245175471092,305
pad,42,0.5704225352112676,0.5653603381003981,0.39263385368462045,0.8497247174583217,284
hiba,43,0.5822784810126582,0.4944637900267671,0.46653083828001807,0.8483513192359209,316
pad,43,0.5906040268456376,0.5089450310038546,0.3745163700432668,0.8406681214301539,298
hiba,44,0.656,0.4746072103737777,0.4588153536657207,0.8532921486753153,375
pad,44,0.597864768683274,0.5770761324373842,0.38434936344739545,0.8519450236983227,281
hiba,45,0.5461254612546126,0.4916562033801152,0.4963742885381851,0.8469522247941232,271
pad,45,0.5633802816901409,0.5276221816127268,0.35585111223722843,0.8380485881409685,284
hiba,46,0.5606936416184971,0.4096039735475877,0.4007486182520672,0.7835022450472646,346
pad,46,0.5578947368421052,0.5640240262881772,0.3677489202301562,0.852376664271242,285
hiba,47,0.5382059800664452,0.38887649696717375,0.37736820322903536,0.8340194407978976,301
pad,47,0.5390070921985816,0.5138723065552334,0.39418082876819444,0.831487050212079,282
hiba,48,0.5494505494505495,0.42161953034046057,0.418268891136512,0.863679774167823,273
pad,48,0.5894736842105263,0.5379050925925926,0.38578827823452433,0.8357937857790253,285
hiba,49,0.47928994082840237,0.415956215902762,0.3860566741116126,0.8117530672693615,338
pad,49,0.5655430711610487,0.46515027431554284,0.34221187551602766,0.8247204661816253,267
hiba,50,0.6363636363636364,0.5358088493648026,0.4755391147127198,0.8812623583861525,407
pad,50,0.5892857142857143,0.5174242824906564,0.37153199238891094,0.8264642945641166,280
hiba,51,0.5878594249201278,0.45649543350843014,0.43702205190897575,0.8434051300324179,313
pad,51,0.5563380281690141,0.5715062899108588,0.39568987347260887,0.823311914315806,284
hiba,52,0.4874551971326165,0.38025559386434005,0.4090428992884617,0.820141347870465,279
pad,52,0.5759717314487632,0.5436927311927312,0.36659142490141605,0.8435013668787414,283
hiba,53,0.49221183800623053,0.3987033966990864,0.39846289273632246,0.8357733705530961,321
pad,53,0.5774647887323944,0.5716891719794477,0.3685233977051152,0.8533431364450546,284
hiba,54,0.648910411622276,0.4798215736887026,0.473449311660915,0.8521124724356574,413
pad,54,0.55,0.48693158955528953,0.3542278009620077,0.8097239995601965,280
hiba,55,0.6068601583113457,0.4165123901764682,0.4261340223449347,0.8011164275698521,379
pad,55,0.5670103092783505,0.5403126622432121,0.38466939647636067,0.8376723259140145,291
hiba,56,0.5642633228840125,0.4280123929520923,0.436337919466457,0.8329357011812417,319
pad,56,0.5895522388059702,0.5284464289635227,0.3736435123177037,0.8286148427999377,268
hiba,57,0.6457831325301204,0.43995804998512866,0.44820443958719425,0.8243923954433784,415
pad,57,0.6066176470588235,0.4791035353535353,0.3386668928051534,0.8433870784103853,272
hiba,58,0.5883977900552486,0.441999503618694,0.4360494051913476,0.8291674753496079,362
pad,58,0.5516014234875445,0.5350189684867104,0.35129864056586685,0.8441587553744458,281
hiba,59,0.6170212765957447,0.44900701557831846,0.4321787026290702,0.8768884948453346,329
pad,59,0.5641025641025641,0.5511096287825848,0.3811319525446042,0.8629577446989501,273
hiba,60,0.6182432432432432,0.46198293576342353,0.44849757930645634,0.8528715168781846,296
pad,60,0.5503597122302158,0.5198262385762387,0.3623828908935851,0.8380966576897318,278
hiba,61,0.4899328859060403,0.4199356559648585,0.4164766219750031,0.8194648890662712,298
pad,61,0.5555555555555556,0.5692911557041992,0.39979658167296866,0.8195145915229832,270
hiba,62,0.4660493827160494,0.37029609279609277,0.37272498594583836,0.7635751705164715,324
pad,62,0.5693430656934306,0.5650373931623932,0.34085585018459447,0.8528910452569195,274
hiba,63,0.580110497237569,0.41617511704098414,0.39189590087567117,0.8177339888918113,362
pad,63,0.581081081081081,0.527405722692608,0.3624084083170449,0.8521679893593358,296
hiba,64,0.4727272727272727,0.42772074770164753,0.41342133888932614,0.8144508482540844,275
pad,64,0.5856164383561644,0.5433723196881092,0.39888570262227496,0.8438398217736668,292
hiba,65,0.569364161849711,0.42705182496471067,0.40095686651517626,0.8067513719220294,346
pad,65,0.565068493150685,0.49461492808266994,0.3557244490891633,0.829084551747331,292
hiba,66,0.6169590643274854,0.42497834075661084,0.4296220249773202,0.7988075262044798,342
pad,66,0.5656934306569343,0.4874228253560731,0.34456892687492346,0.825859139408356,274
hiba,67,0.5074626865671642,0.4152351680577487,0.4193497353298945,0.8161516414696162,268
pad,67,0.5422535211267606,0.5670550038197097,0.36469716509792327,0.8357585164262455,284
hiba,68,0.5552147239263804,0.46579481792717087,0.4652318998954185,0.8300493830171918,326
pad,68,0.5416666666666666,0.4881332765943512,0.35600223711946766,0.8252547342082454,288
hiba,69,0.5963060686015831,0.42452994833461843,0.3888899668682714,0.8563044374181291,379
pad,69,0.6109215017064846,0.5650098084022741,0.40180513973768855,0.8499985304892851,293
hiba,70,0.5913705583756346,0.39222029068658176,0.37040704616468556,0.7861745787569476,394
pad,70,0.604982206405694,0.5715338487461591,0.3876258250955933,0.8658389901825753,281
hiba,71,0.6361323155216285,0.44944872683950354,0.44122074131644984,0.8539110434375567,393
pad,71,0.5431654676258992,0.49115571053198864,0.3512766116379832,0.8188862497606483,278
hiba,72,0.5880597014925373,0.4642292782155852,0.4613912331893787,0.8536809681336643,335
pad,72,0.55,0.5465476243206958,0.38257443128766655,0.7951581469666422,280
hiba,73,0.6162790697674418,0.44745884141443354,0.45557727959103034,0.8537727613556527,344
pad,73,0.5812274368231047,0.5473524938576899,0.3861397563237785,0.8306291180182553,277
hiba,74,0.5342857142857143,0.4347611406108943,0.4453449235752607,0.845990836966287,350
pad,74,0.5523465703971119,0.4763457005392489,0.32097634097640904,0.8232363777875338,277
hiba,75,0.5231788079470199,0.35418971230538393,0.35920811485031634,0.7541609992115812,302
pad,75,0.5693950177935944,0.5672800774330917,0.3874366177469285,0.8547653400368359,281
hiba,76,0.5365079365079365,0.398761361591916,0.4035150189681399,0.8462321914363005,315
pad,76,0.568904593639576,0.5446192542196981,0.33045812008195774,0.845424670367939,283
hiba,77,0.5468277945619335,0.40739484519947955,0.39106568145097265,0.8110104047220901,331
pad,77,0.5871212121212122,0.5181356752246015,0.35528594212804737,0.8359500021136018,264
hiba,78,0.6153846153846154,0.4495914556072974,0.4393671577045326,0.842468171310716,377
pad,78,0.5579710144927537,0.42636386877111637,0.2975624831380868,0.8397806443420323,276
hiba,79,0.5628571428571428,0.4604358301852963,0.44132022387836345,0.8175779632953146,350
pad,79,0.5324675324675324,0.4700558917299349,0.3235414537835276,0.8321229623596892,308
hiba,80,0.5646437994722955,0.4096248108687429,0.374071954199933,0.8318081573310672,379
pad,80,0.5090252707581228,0.5006265973530082,0.3159010506272027,0.8235236119804852,277
hiba,81,0.6331521739130435,0.417723510196849,0.4203525863575392,0.8183060514370699,368
pad,81,0.6091549295774648,0.523212521565815,0.3645021296189709,0.853764962091101,284
hiba,82,0.54375,0.41252237743884,0.4073595456112789,0.8072857877936985,320
pad,82,0.5743243243243243,0.6236689942198417,0.4187609491957318,0.8588406148558728,296
hiba,83,0.5490196078431373,0.4566743819115736,0.4553374310044713,0.8490481013538647,306
pad,83,0.5563636363636364,0.4611317264511528,0.31830314728950393,0.8172484137322044,275
hiba,84,0.5090361445783133,0.37245906983483046,0.35445899954967847,0.777591211061513,332
pad,84,0.5719844357976653,0.546772320910252,0.3577006859473489,0.8433756104174872,257
hiba,85,0.5746031746031746,0.4380385973489787,0.4310711001473363,0.8299586588934411,315
pad,85,0.5648854961832062,0.5614579164999333,0.3741674271674272,0.86383479574206,262
hiba,86,0.6170212765957447,0.37688277127179404,0.38539387442654355,0.8195754416013807,423
pad,86,0.5904059040590406,0.5115779282445948,0.37479453223246434,0.8242763422720549,271
hiba,87,0.4528301886792453,0.38354435634521983,0.39271821553069175,0.785458353842756,318
pad,87,0.6028368794326241,0.48991148415585,0.34170947322882156,0.8383773672159428,282
hiba,88,0.545751633986928,0.4590531030532689,0.4721222425602605,0.8268106933189663,306
pad,88,0.5657894736842105,0.4969994008163876,0.34552543944727476,0.8429600379909689,304
hiba,89,0.5365853658536586,0.42327575778557985,0.41963441513657773,0.8094584004424425,328
pad,89,0.5614617940199336,0.49639940958482504,0.33919231636372876,0.8310017217807394,301
hiba,90,0.5502958579881657,0.464909570662573,0.4595648012097598,0.8523825517006723,338
pad,90,0.5798045602605864,0.5243663414329048,0.36718282947520053,0.8402523375876104,307
hiba,91,0.546448087431694,0.4179702904383814,0.3979406136580633,0.7956790363672572,366
pad,91,0.6209386281588448,0.5487510769560809,0.3933426434699688,0.8460918910442512,277
hiba,92,0.6020408163265306,0.4755610453661737,0.47256653656259573,0.8199957269415213,392
pad,92,0.5376344086021505,0.47311532811720153,0.3292601688435022,0.8141028794286808,279
hiba,93,0.5615615615615616,0.4002657019624672,0.3937064513139714,0.8493810208183806,333
pad,93,0.575,0.5448365934477045,0.3865601963055805,0.8467959018710496,280
hiba,94,0.49050632911392406,0.3953128867366156,0.41082080637899676,0.8120883668476655,316
pad,94,0.5830721003134797,0.5450050731740872,0.3840258313813272,0.8492653992397813,319
hiba,95,0.5085910652920962,0.3967567377174417,0.3944108092332336,0.7608423237664244,291
pad,95,0.5362318840579711,0.4494710173631742,0.31480042980501727,0.8104678071766084,276
hiba,96,0.5098039215686274,0.4142941067173804,0.4119129245371437,0.7976150212990458,306
pad,96,0.5657370517928287,0.5139570480446745,0.3553856191349899,0.8334238957212055,251
hiba,97,0.5971014492753624,0.4412470232700168,0.44374129223267156,0.8363835493422629,345
pad,97,0.571917808219178,0.4886423761423761,0.3557500513243037,0.8433956156539674,292
hiba,98,0.6386554621848739,0.41780303030303034,0.4255625128346752,0.7911494472636981,357
pad,98,0.5513307984790875,0.47171052631578947,0.30345444232849017,0.8305664963093943,263
hiba,99,0.5407407407407407,0.3615007687139186,0.3686959621266605,0.7951795748789334,405
pad,99,0.6167247386759582,0.5812956691005472,0.4255111727917078,0.8617233006669958,287
