draw,alpha,modality,n,n_mal,coverage,set_size,miss,release,referral
0,0.05,derm,318,72,0.9968553459119497,5.80503144654088,0.0,0.0,1.0
0,0.05,clin,25,19,0.84,5.44,0.0,0.0,1.0
0,0.05,both,92,63,0.9565217391304348,5.989130434782608,0.0,0.0,1.0
0,0.05,all,435,154,0.9793103448275862,5.8229885057471265,0.0,0.0,1.0
0,0.1,derm,318,72,0.9779874213836478,3.9213836477987423,0.027777777777777776,0.06097560975609756,0.9465408805031447
0,0.1,clin,25,19,0.8,3.44,0.0,0.0,1.0
0,0.1,both,92,63,0.9130434782608695,4.108695652173913,0.0,0.0,1.0
0,0.1,all,435,154,0.9540229885057471,3.933333333333333,0.012987012987012988,0.05338078291814947,0.960919540229885
0,0.15,derm,318,72,0.9559748427672956,3.018867924528302,0.027777777777777776,0.22764227642276422,0.8176100628930818
0,0.15,clin,25,19,0.68,2.76,0.0,0.0,1.0
0,0.15,both,92,63,0.8695652173913043,3.4130434782608696,0.0,0.034482758620689655,0.9891304347826086
0,0.15,all,435,154,0.9218390804597701,3.0873563218390805,0.012987012987012988,0.20284697508896798,0.864367816091954
1,0.05,derm,244,72,1.0,6.229508196721311,0.0,0.0,1.0
1,0.05,clin,21,14,0.9523809523809523,6.0476190476190474,0.0,0.0,1.0
1,0.05,both,84,50,0.9761904761904762,6.511904761904762,0.0,0.0,1.0
1,0.05,all,349,136,0.9914040114613181,6.286532951289399,0.0,0.0,1.0
1,0.1,derm,244,72,0.9713114754098361,4.274590163934426,0.0,0.05232558139534884,0.9631147540983607
1,0.1,clin,21,14,0.8571428571428571,3.9047619047619047,0.0,0.0,1.0
1,0.1,both,84,50,0.9047619047619048,4.333333333333333,0.0,0.0,1.0
1,0.1,all,349,136,0.9484240687679083,4.26647564469914,0.0,0.04225352112676056,0.9742120343839542
1,0.15,derm,244,72,0.9426229508196722,3.569672131147541,0.013888888888888888,0.11627906976744186,0.9139344262295082
1,0.15,clin,21,14,0.8095238095238095,3.0952380952380953,0.0,0.0,1.0
1,0.15,both,84,50,0.8809523809523809,3.6666666666666665,0.02,0.0,0.9880952380952381
1,0.15,all,349,136,0.9197707736389685,3.5644699140401146,0.014705882352941176,0.09389671361502347,0.9369627507163324
2,0.05,derm,213,88,0.9812206572769953,5.732394366197183,0.0,0.0,1.0
2,0.05,clin,13,7,1.0,5.615384615384615,0.0,0.0,1.0
2,0.05,both,89,56,0.9101123595505618,6.179775280898877,0.0,0.0,1.0
2,0.05,all,315,151,0.9619047619047619,5.853968253968254,0.0,0.0,1.0
2,0.1,derm,213,88,0.9624413145539906,4.093896713615023,0.011363636363636364,0.048,0.9671361502347418
2,0.1,clin,13,7,0.9230769230769231,3.769230769230769,0.0,0.0,1.0
2,0.1,both,89,56,0.8764044943820225,4.415730337078652,0.0,0.0,1.0
2,0.1,all,315,151,0.9365079365079365,4.171428571428572,0.006622516556291391,0.036585365853658534,0.9777777777777777
2,0.15,derm,213,88,0.9483568075117371,3.5258215962441315,0.011363636363636364,0.12,0.9248826291079812
2,0.15,clin,13,7,0.9230769230769231,3.1538461538461537,0.0,0.0,1.0
2,0.15,both,89,56,0.8539325842696629,3.7865168539325844,0.017857142857142856,0.0,0.9887640449438202
2,0.15,all,315,151,0.9206349206349206,3.5841269841269843,0.013245033112582781,0.09146341463414634,0.946031746031746
3,0.05,derm,225,84,0.9511111111111111,5.586666666666667,0.0,0.0,1.0
3,0.05,clin,12,5,0.75,4.833333333333333,0.0,0.0,1.0
3,0.05,both,93,61,0.9247311827956989,5.440860215053763,0.0,0.0,1.0
3,0.05,all,330,150,0.9363636363636364,5.5181818181818185,0.0,0.0,1.0
3,0.1,derm,225,84,0.9066666666666666,3.902222222222222,0.0,0.10638297872340426,0.9333333333333333
3,0.1,clin,12,5,0.6666666666666666,3.25,0.0,0.0,1.0
3,0.1,both,93,61,0.8817204301075269,4.204301075268817,0.0,0.0,1.0
3,0.1,all,330,150,0.8909090909090909,3.963636363636364,0.0,0.08333333333333333,0.9545454545454546
3,0.15,derm,225,84,0.8533333333333334,2.902222222222222,0.011904761904761904,0.1702127659574468,0.8888888888888888
3,0.15,clin,12,5,0.5,2.4166666666666665,0.0,0.0,1.0
3,0.15,both,93,61,0.8494623655913979,3.2580645161290325,0.01639344262295082,0.0625,0.967741935483871
3,0.15,all,330,150,0.8393939393939394,2.984848484848485,0.013333333333333334,0.14444444444444443,0.9151515151515152
4,0.05,derm,259,90,0.9806949806949807,5.953667953667954,0.0,0.0,1.0
4,0.05,clin,13,9,0.9230769230769231,5.461538461538462,0.0,0.0,1.0
4,0.05,both,92,57,0.9456521739130435,5.8478260869565215,0.0,0.0,1.0
4,0.05,all,364,156,0.9697802197802198,5.90934065934066,0.0,0.0,1.0
4,0.1,derm,259,90,0.9459459459459459,4.1698841698841695,0.0,0.08284023668639054,0.9459459459459459
4,0.1,clin,13,9,0.8461538461538461,3.769230769230769,0.0,0.0,1.0
4,0.1,both,92,57,0.9130434782608695,4.391304347826087,0.0,0.0,1.0
4,0.1,all,364,156,0.9340659340659341,4.211538461538462,0.0,0.0673076923076923,0.9615384615384616
4,0.15,derm,259,90,0.9034749034749034,3.2625482625482625,0.0,0.17159763313609466,0.888030888030888
4,0.15,clin,13,9,0.6923076923076923,2.3076923076923075,0.0,0.0,1.0
4,0.15,both,92,57,0.8804347826086957,3.5543478260869565,0.03508771929824561,0.0,0.9782608695652174
4,0.15,all,364,156,0.8901098901098901,3.302197802197802,0.01282051282051282,0.13942307692307693,0.9148351648351648
5,0.05,derm,195,83,1.0,6.748717948717949,0.0,0.0,1.0
5,0.05,clin,16,10,1.0,5.8125,0.0,0.0,1.0
5,0.05,both,100,69,0.98,6.74,0.0,0.0,1.0
5,0.05,all,311,162,0.9935691318327974,6.697749196141479,0.0,0.0,1.0
5,0.1,derm,195,83,0.9897435897435898,4.733333333333333,0.0,0.017857142857142856,0.9897435897435898
5,0.1,clin,16,10,0.9375,3.9375,0.0,0.0,1.0
5,0.1,both,100,69,0.93,4.69,0.0,0.0,1.0
5,0.1,all,311,162,0.9678456591639871,4.678456591639871,0.0,0.013422818791946308,0.9935691318327974
5,0.15,derm,195,83,0.9743589743589743,3.7487179487179487,0.0,0.15178571428571427,0.9128205128205128
5,0.15,clin,16,10,0.75,3.0,0.1,0.0,0.9375
5,0.15,both,100,69,0.91,3.98,0.0,0.03225806451612903,0.99
5,0.15,all,311,162,0.9421221864951769,3.784565916398714,0.006172839506172839,0.12080536912751678,0.9389067524115756
6,0.05,derm,180,94,0.9833333333333333,6.033333333333333,0.0,0.0,1.0
6,0.05,clin,10,3,0.8,5.8,0.0,0.0,1.0
6,0.05,both,83,45,0.963855421686747,6.120481927710843,0.0,0.0,1.0
6,0.05,all,273,142,0.9706959706959707,6.051282051282051,0.0,0.0,1.0
6,0.1,derm,180,94,0.9333333333333333,4.027777777777778,0.0,0.06976744186046512,0.9666666666666667
6,0.1,clin,10,3,0.8,3.6,0.0,0.0,1.0
6,0.1,both,83,45,0.9036144578313253,4.240963855421687,0.0,0.0,1.0
6,0.1,all,273,142,0.9194139194139194,4.076923076923077,0.0,0.04580152671755725,0.978021978021978
6,0.15,derm,180,94,0.8555555555555555,3.361111111111111,0.010638297872340425,0.09302325581395349,0.95
6,0.15,clin,10,3,0.8,2.9,0.3333333333333333,0.0,0.9
6,0.15,both,83,45,0.8795180722891566,3.602409638554217,0.022222222222222223,0.0,0.9879518072289156
6,0.15,all,273,142,0.8608058608058609,3.4175824175824174,0.02112676056338028,0.061068702290076333,0.9597069597069597
7,0.05,derm,293,77,0.9863481228668942,6.047781569965871,0.0,0.0,1.0
7,0.05,clin,15,12,0.9333333333333333,6.066666666666666,0.0,0.0,1.0
7,0.05,both,76,47,0.9473684210526315,6.657894736842105,0.0,0.0,1.0
7,0.05,all,384,136,0.9765625,6.169270833333333,0.0,0.0,1.0
7,0.1,derm,293,77,0.9556313993174061,3.7747440273037545,0.012987012987012988,0.06018518518518518,0.9522184300341296
7,0.1,clin,15,12,0.9333333333333333,3.933333333333333,0.0,0.0,1.0
7,0.1,both,76,47,0.8421052631578947,4.302631578947368,0.0,0.0,1.0
7,0.1,all,384,136,0.9322916666666666,3.8854166666666665,0.007352941176470588,0.05241935483870968,0.9635416666666666
7,0.15,derm,293,77,0.931740614334471,3.0409556313993176,0.025974025974025976,0.1574074074074074,0.8771331058020477
7,0.15,clin,15,12,0.6666666666666666,3.0,0.08333333333333333,0.0,0.9333333333333333
7,0.15,both,76,47,0.7894736842105263,3.6184210526315788,0.02127659574468085,0.0,0.9868421052631579
7,0.15,all,384,136,0.8932291666666666,3.1536458333333335,0.029411764705882353,0.13709677419354838,0.9010416666666666
8,0.05,derm,258,73,0.9922480620155039,6.054263565891473,0.0,0.0,1.0
8,0.05,clin,26,19,0.8846153846153846,5.538461538461538,0.0,0.0,1.0
8,0.05,both,80,61,0.9625,5.9875,0.0,0.0,1.0
8,0.05,all,364,153,0.978021978021978,6.002747252747253,0.0,0.0,1.0
8,0.1,derm,258,73,0.9689922480620154,4.317829457364341,0.0273972602739726,0.043243243243243246,0.9612403100775194
8,0.1,clin,26,19,0.8846153846153846,3.8846153846153846,0.0,0.0,1.0
8,0.1,both,80,61,0.95,4.4125,0.0,0.0,1.0
8,0.1,all,364,153,0.9587912087912088,4.3076923076923075,0.013071895424836602,0.037914691943127965,0.9725274725274725
8,0.15,derm,258,73,0.9457364341085271,3.5697674418604652,0.0273972602739726,0.11891891891891893,0.9069767441860465
8,0.15,clin,26,19,0.7692307692307693,3.1538461538461537,0.0,0.0,1.0
8,0.15,both,80,61,0.9125,3.6,0.03278688524590164,0.0,0.975
8,0.15,all,364,153,0.9258241758241759,3.5467032967032965,0.026143790849673203,0.10426540284360189,0.9285714285714286
9,0.05,derm,252,84,0.9761904761904762,6.099206349206349,0.0,0.0,1.0
9,0.05,clin,15,11,1.0,5.8,0.0,0.0,1.0
9,0.05,both,82,51,0.9024390243902439,6.2073170731707314,0.0,0.0,1.0
9,0.05,all,349,146,0.9598853868194842,6.111747851002866,0.0,0.0,1.0
9,0.1,derm,252,84,0.9444444444444444,4.2103174603174605,0.0,0.047619047619047616,0.9682539682539683
9,0.1,clin,15,11,1.0,3.8,0.0,0.0,1.0
9,0.1,both,82,51,0.8048780487804879,4.2073170731707314,0.0,0.0,1.0
9,0.1,all,349,146,0.9140401146131805,4.191977077363897,0.0,0.03940886699507389,0.9770773638968482
9,0.15,derm,252,84,0.9206349206349206,3.5992063492063493,0.0,0.14285714285714285,0.9047619047619048
9,0.15,clin,15,11,0.9333333333333333,3.2666666666666666,0.0,0.0,1.0
9,0.15,both,82,51,0.7804878048780488,3.6097560975609757,0.0196078431372549,0.0,0.9878048780487805
9,0.15,all,349,146,0.8882521489971347,3.5873925501432664,0.00684931506849315,0.11822660098522167,0.9283667621776505
10,0.05,derm,204,76,0.9362745098039216,5.529411764705882,0.0,0.0,1.0
10,0.05,clin,14,8,0.8571428571428571,4.714285714285714,0.0,0.0,1.0
10,0.05,both,80,62,0.8875,5.325,0.0,0.0,1.0
10,0.05,all,298,146,0.9194630872483222,5.436241610738255,0.0,0.0,1.0
10,0.1,derm,204,76,0.9019607843137255,4.186274509803922,0.0,0.0234375,0.9852941176470589
10,0.1,clin,14,8,0.7857142857142857,3.857142857142857,0.0,0.0,1.0
10,0.1,both,80,62,0.8625,4.3875,0.0,0.0,1.0
10,0.1,all,298,146,0.8859060402684564,4.224832214765101,0.0,0.019736842105263157,0.9899328859060402
10,0.15,derm,204,76,0.8676470588235294,3.3088235294117645,0.0,0.0859375,0.946078431372549
10,0.15,clin,14,8,0.6428571428571429,2.9285714285714284,0.0,0.0,1.0
10,0.15,both,80,62,0.825,3.5875,0.016129032258064516,0.0,0.9875
10,0.15,all,298,146,0.8456375838926175,3.365771812080537,0.00684931506849315,0.07236842105263158,0.959731543624161
11,0.05,derm,216,86,0.9953703703703703,5.856481481481482,0.0,0.0,1.0
11,0.05,clin,12,11,0.75,5.75,0.0,0.0,1.0
11,0.05,both,92,61,0.9130434782608695,6.108695652173913,0.0,0.0,1.0
11,0.05,all,320,158,0.9625,5.925,0.0,0.0,1.0
11,0.1,derm,216,86,0.9490740740740741,4.263888888888889,0.0,0.09230769230769231,0.9444444444444444
11,0.1,clin,12,11,0.75,4.083333333333333,0.0,0.0,1.0
11,0.1,both,92,61,0.8586956521739131,4.456521739130435,0.0,0.0,1.0
11,0.1,all,320,158,0.915625,4.3125,0.0,0.07407407407407407,0.9625
11,0.15,derm,216,86,0.9166666666666666,3.4814814814814814,0.0,0.17692307692307693,0.8935185185185185
11,0.15,clin,12,11,0.75,3.3333333333333335,0.09090909090909091,0.0,0.9166666666666666
11,0.15,both,92,61,0.8260869565217391,3.760869565217391,0.01639344262295082,0.0,0.9891304347826086
11,0.15,all,320,158,0.884375,3.55625,0.012658227848101266,0.1419753086419753,0.921875
12,0.05,derm,252,78,0.9880952380952381,5.591269841269841,0.0,0.0,1.0
12,0.05,clin,15,12,0.8666666666666667,5.8,0.0,0.0,1.0
12,0.05,both,83,42,0.9879518072289156,6.036144578313253,0.0,0.0,1.0
12,0.05,all,350,132,0.9828571428571429,5.7057142857142855,0.0,0.0,1.0
12,0.1,derm,252,78,0.9603174603174603,4.488095238095238,0.01282051282051282,0.011494252873563218,0.9880952380952381
12,0.1,clin,15,12,0.8666666666666667,4.466666666666667,0.0,0.0,1.0
12,0.1,both,83,42,0.927710843373494,4.662650602409639,0.0,0.0,1.0
12,0.1,all,350,132,0.9485714285714286,4.5285714285714285,0.007575757575757576,0.009174311926605505,0.9914285714285714
12,0.15,derm,252,78,0.9365079365079365,3.3174603174603177,0.02564102564102564,0.20114942528735633,0.8531746031746031
12,0.15,clin,15,12,0.7333333333333333,3.4,0.0,0.0,1.0
12,0.15,both,83,42,0.9156626506024096,3.710843373493976,0.0,0.0,1.0
12,0.15,all,350,132,0.9228571428571428,3.414285714285714,0.015151515151515152,0.16055045871559634,0.8942857142857142
13,0.05,derm,160,84,1.0,6.4875,0.0,0.0,1.0
13,0.05,clin,20,15,0.9,6.55,0.0,0.0,1.0
13,0.05,both,67,46,0.9402985074626866,6.253731343283582,0.0,0.0,1.0
13,0.05,all,247,145,0.9757085020242915,6.42914979757085,0.0,0.0,1.0
13,0.1,derm,160,84,0.9375,4.48125,0.0,0.02631578947368421,0.9875
13,0.1,clin,20,15,0.85,4.1,0.0,0.0,1.0
13,0.1,both,67,46,0.835820895522388,4.268656716417911,0.0,0.0,1.0
13,0.1,all,247,145,0.902834008097166,4.392712550607287,0.0,0.0196078431372549,0.9919028340080972
13,0.15,derm,160,84,0.9,3.89375,0.011904761904761904,0.10526315789473684,0.94375
13,0.15,clin,20,15,0.7,3.0,0.06666666666666667,0.0,0.95
13,0.15,both,67,46,0.7910447761194029,3.5522388059701493,0.021739130434782608,0.0,0.9850746268656716
13,0.15,all,247,145,0.854251012145749,3.7287449392712553,0.020689655172413793,0.0784313725490196,0.9554655870445344
14,0.05,derm,246,93,0.991869918699187,5.08130081300813,0.0,0.0,1.0
14,0.05,clin,11,8,0.8181818181818182,4.545454545454546,0.0,0.0,1.0
14,0.05,both,97,57,0.8762886597938144,5.412371134020619,0.0,0.0,1.0
14,0.05,all,354,158,0.9548022598870056,5.155367231638418,0.0,0.0,1.0
14,0.1,derm,246,93,0.9349593495934959,3.8089430894308944,0.021505376344086023,0.09803921568627451,0.9308943089430894
14,0.1,clin,11,8,0.7272727272727273,3.3636363636363638,0.0,0.0,1.0
14,0.1,both,97,57,0.845360824742268,4.247422680412371,0.0,0.0,1.0
14,0.1,all,354,158,0.903954802259887,3.9152542372881354,0.012658227848101266,0.07653061224489796,0.9519774011299436
14,0.15,derm,246,93,0.9186991869918699,2.951219512195122,0.043010752688172046,0.3202614379084967,0.7845528455284553
14,0.15,clin,11,8,0.5454545454545454,2.3636363636363638,0.0,0.0,1.0
14,0.15,both,97,57,0.8041237113402062,3.5051546391752577,0.017543859649122806,0.05,0.9690721649484536
14,0.15,all,354,158,0.8757062146892656,3.0847457627118646,0.03164556962025317,0.2602040816326531,0.8418079096045198
15,0.05,derm,183,87,0.994535519125683,6.229508196721311,0.0,0.0,1.0
15,0.05,clin,18,17,0.9444444444444444,5.777777777777778,0.0,0.0,1.0
15,0.05,both,86,59,0.9418604651162791,6.244186046511628,0.0,0.0,1.0
15,0.05,all,287,163,0.975609756097561,6.205574912891986,0.0,0.0,1.0
15,0.1,derm,183,87,0.9562841530054644,4.191256830601093,0.022988505747126436,0.020833333333333332,0.9781420765027322
15,0.1,clin,18,17,0.8888888888888888,4.166666666666667,0.058823529411764705,0.0,0.9444444444444444
15,0.1,both,86,59,0.9186046511627907,4.4186046511627906,0.0,0.0,1.0
15,0.1,all,287,163,0.9407665505226481,4.2578397212543555,0.018404907975460124,0.016129032258064516,0.9825783972125436
15,0.15,derm,183,87,0.8852459016393442,3.251366120218579,0.022988505747126436,0.125,0.9234972677595629
15,0.15,clin,18,17,0.7222222222222222,3.0,0.058823529411764705,0.0,0.9444444444444444
15,0.15,both,86,59,0.8837209302325582,3.6744186046511627,0.03389830508474576,0.0,0.9767441860465116
15,0.15,all,287,163,0.8745644599303136,3.362369337979094,0.03067484662576687,0.0967741935483871,0.9407665505226481
16,0.05,derm,279,89,0.967741935483871,5.401433691756273,0.0,0.0,1.0
16,0.05,clin,8,8,0.75,5.5,0.0,,1.0
16,0.05,both,88,62,0.8409090909090909,5.568181818181818,0.0,0.0,1.0
16,0.05,all,375,159,0.9333333333333333,5.442666666666667,0.0,0.0,1.0
16,0.1,derm,279,89,0.942652329749104,3.6774193548387095,0.011235955056179775,0.08947368421052632,0.9354838709677419
16,0.1,clin,8,8,0.75,3.625,0.0,,1.0
16,0.1,both,88,62,0.8068181818181818,3.875,0.0,0.0,1.0
16,0.1,all,375,159,0.9066666666666666,3.7226666666666666,0.006289308176100629,0.0787037037037037,0.952
16,0.15,derm,279,89,0.9068100358422939,3.118279569892473,0.02247191011235955,0.18421052631578946,0.8673835125448028
16,0.15,clin,8,8,0.75,2.875,0.0,,1.0
16,0.15,both,88,62,0.7613636363636364,3.4318181818181817,0.03225806451612903,0.0,0.9772727272727273
16,0.15,all,375,159,0.8693333333333333,3.1866666666666665,0.025157232704402517,0.16203703703703703,0.896
17,0.05,derm,350,78,0.9971428571428571,5.897142857142857,0.0,0.0,1.0
17,0.05,clin,15,8,1.0,5.533333333333333,0.0,0.0,1.0
17,0.05,both,78,55,0.9487179487179487,6.461538461538462,0.0,0.0,1.0
17,0.05,all,443,141,0.9887133182844243,5.984198645598194,0.0,0.0,1.0
17,0.1,derm,350,78,0.9885714285714285,4.491428571428571,0.0,0.003676470588235294,0.9971428571428571
17,0.1,clin,15,8,0.9333333333333333,4.133333333333334,0.0,0.0,1.0
17,0.1,both,78,55,0.9230769230769231,5.141025641025641,0.0,0.0,1.0
17,0.1,all,443,141,0.9751693002257337,4.5936794582392775,0.0,0.0033112582781456954,0.9977426636568849
17,0.15,derm,350,78,0.9771428571428571,3.505714285714286,0.0,0.08455882352941177,0.9342857142857143
17,0.15,clin,15,8,0.8666666666666667,3.6,0.0,0.0,1.0
17,0.15,both,78,55,0.9102564102564102,4.17948717948718,0.0,0.0,1.0
17,0.15,all,443,141,0.9616252821670429,3.6275395033860045,0.0,0.076158940397351,0.9480812641083521
18,0.05,derm,243,97,0.9917695473251029,5.777777777777778,0.0,0.0,1.0
18,0.05,clin,21,11,0.9523809523809523,5.333333333333333,0.0,0.0,1.0
18,0.05,both,83,50,0.9397590361445783,5.903614457831325,0.0,0.0,1.0
18,0.05,all,347,158,0.9769452449567724,5.780979827089337,0.0,0.0,1.0
18,0.1,derm,243,97,0.9670781893004116,4.004115226337449,0.0,0.08904109589041095,0.9465020576131687
18,0.1,clin,21,11,0.9047619047619048,3.3333333333333335,0.09090909090909091,0.0,0.9523809523809523
18,0.1,both,83,50,0.9036144578313253,4.168674698795181,0.0,0.0,1.0
18,0.1,all,347,158,0.9481268011527377,4.002881844380403,0.006329113924050633,0.06878306878306878,0.9596541786743515
18,0.15,derm,243,97,0.9094650205761317,2.9753086419753085,0.010309278350515464,0.2808219178082192,0.8271604938271605
18,0.15,clin,21,11,0.7619047619047619,2.6666666666666665,0.09090909090909091,0.1,0.9047619047619048
18,0.15,both,83,50,0.891566265060241,3.4698795180722892,0.0,0.030303030303030304,0.9879518072289156
18,0.15,all,347,158,0.8962536023054755,3.07492795389049,0.012658227848101266,0.2275132275132275,0.8703170028818443
19,0.05,derm,182,78,0.9835164835164835,5.912087912087912,0.0,0.0,1.0
19,0.05,clin,13,10,0.8461538461538461,5.769230769230769,0.0,0.0,1.0
19,0.05,both,79,50,0.9367088607594937,6.253164556962025,0.0,0.0,1.0
19,0.05,all,274,138,0.9635036496350365,6.0036496350364965,0.0,0.0,1.0
19,0.1,derm,182,78,0.945054945054945,4.153846153846154,0.01282051282051282,0.057692307692307696,0.9615384615384616
19,0.1,clin,13,10,0.8461538461538461,3.8461538461538463,0.0,0.0,1.0
19,0.1,both,79,50,0.8987341772151899,4.329113924050633,0.0,0.0,1.0
19,0.1,all,274,138,0.927007299270073,4.189781021897811,0.007246376811594203,0.04411764705882353,0.9744525547445255
19,0.15,derm,182,78,0.9230769230769231,3.5549450549450547,0.01282051282051282,0.1346153846153846,0.9175824175824175
19,0.15,clin,13,10,0.7692307692307693,2.5384615384615383,0.1,0.0,0.9230769230769231
19,0.15,both,79,50,0.8607594936708861,3.607594936708861,0.02,0.0,0.9873417721518988
19,0.15,all,274,138,0.8978102189781022,3.521897810218978,0.021739130434782608,0.10294117647058823,0.9379562043795621
20,0.05,derm,251,88,0.9920318725099602,6.52191235059761,0.0,0.0,1.0
20,0.05,clin,13,7,0.9230769230769231,5.6923076923076925,0.0,0.0,1.0
20,0.05,both,70,47,0.9714285714285714,6.4,0.0,0.0,1.0
20,0.05,all,334,142,0.9850299401197605,6.4640718562874255,0.0,0.0,1.0
20,0.1,derm,251,88,0.9641434262948207,4.673306772908367,0.0,0.006134969325153374,0.9960159362549801
20,0.1,clin,13,7,0.8461538461538461,3.769230769230769,0.14285714285714285,0.0,0.9230769230769231
20,0.1,both,70,47,0.9285714285714286,4.6571428571428575,0.0,0.0,1.0
20,0.1,all,334,142,0.9520958083832335,4.634730538922156,0.007042253521126761,0.005208333333333333,0.9940119760479041
20,0.15,derm,251,88,0.9083665338645418,3.4262948207171315,0.011363636363636364,0.1165644171779141,0.9203187250996016
20,0.15,clin,13,7,0.7692307692307693,3.1538461538461537,0.14285714285714285,0.0,0.9230769230769231
20,0.15,both,70,47,0.9285714285714286,3.6714285714285713,0.0,0.0,1.0
20,0.15,all,334,142,0.907185628742515,3.467065868263473,0.014084507042253521,0.09895833333333333,0.937125748502994
21,0.05,derm,175,85,0.9942857142857143,6.0285714285714285,0.0,0.0,1.0
21,0.05,clin,13,11,0.8461538461538461,5.615384615384615,0.0,0.0,1.0
21,0.05,both,85,57,0.9294117647058824,6.329411764705882,0.0,0.0,1.0
21,0.05,all,273,153,0.967032967032967,6.102564102564102,0.0,0.0,1.0
21,0.1,derm,175,85,0.9371428571428572,4.051428571428572,0.023529411764705882,0.1,0.9371428571428572
21,0.1,clin,13,11,0.7692307692307693,3.769230769230769,0.0,0.0,1.0
21,0.1,both,85,57,0.8823529411764706,4.435294117647059,0.0,0.0,1.0
21,0.1,all,273,153,0.9120879120879121,4.157509157509158,0.013071895424836602,0.075,0.9597069597069597
21,0.15,derm,175,85,0.8742857142857143,3.24,0.023529411764705882,0.2222222222222222,0.8742857142857143
21,0.15,clin,13,11,0.6153846153846154,2.6153846153846154,0.09090909090909091,0.0,0.9230769230769231
21,0.15,both,85,57,0.8352941176470589,3.6588235294117646,0.0,0.03571428571428571,0.9882352941176471
21,0.15,all,273,153,0.8498168498168498,3.340659340659341,0.0196078431372549,0.175,0.9120879120879121
22,0.05,derm,246,89,0.983739837398374,6.182926829268292,0.0,0.0,1.0
22,0.05,clin,14,7,0.9285714285714286,5.785714285714286,0.0,0.0,1.0
22,0.05,both,75,55,0.96,6.52,0.0,0.0,1.0
22,0.05,all,335,151,0.9761194029850746,6.24179104477612,0.0,0.0,1.0
22,0.1,derm,246,89,0.943089430894309,4.699186991869919,0.0,0.012738853503184714,0.991869918699187
22,0.1,clin,14,7,0.9285714285714286,4.071428571428571,0.0,0.0,1.0
22,0.1,both,75,55,0.9066666666666666,4.88,0.0,0.0,1.0
22,0.1,all,335,151,0.9343283582089552,4.713432835820895,0.0,0.010869565217391304,0.9940298507462687
22,0.15,derm,246,89,0.9390243902439024,3.7357723577235773,0.011235955056179775,0.08917197452229299,0.9390243902439024
22,0.15,clin,14,7,0.8571428571428571,3.5,0.0,0.0,1.0
22,0.15,both,75,55,0.9066666666666666,4.0,0.0,0.0,1.0
22,0.15,all,335,151,0.9283582089552239,3.7850746268656716,0.006622516556291391,0.07608695652173914,0.9552238805970149
23,0.05,derm,180,76,0.9888888888888889,6.594444444444444,0.0,0.0,1.0
23,0.05,clin,10,7,0.9,6.3,0.0,0.0,1.0
23,0.05,both,86,56,0.9534883720930233,6.732558139534884,0.0,0.0,1.0
23,0.05,all,276,139,0.9746376811594203,6.6268115942028984,0.0,0.0,1.0
23,0.1,derm,180,76,0.9666666666666667,4.783333333333333,0.0,0.019230769230769232,0.9888888888888889
23,0.1,clin,10,7,0.9,4.0,0.0,0.0,1.0
23,0.1,both,86,56,0.8953488372093024,4.651162790697675,0.0,0.0,1.0
23,0.1,all,276,139,0.9420289855072463,4.713768115942029,0.0,0.014598540145985401,0.9927536231884058
23,0.15,derm,180,76,0.9388888888888889,3.738888888888889,0.0,0.09615384615384616,0.9444444444444444
23,0.15,clin,10,7,0.8,2.9,0.0,0.0,1.0
23,0.15,both,86,56,0.872093023255814,3.697674418604651,0.017857142857142856,0.0,0.9883720930232558
23,0.15,all,276,139,0.9130434782608695,3.6956521739130435,0.007194244604316547,0.072992700729927,0.9601449275362319
24,0.05,derm,211,78,0.95260663507109,5.180094786729858,0.0,0.0,1.0
24,0.05,clin,14,7,0.8571428571428571,4.285714285714286,0.0,0.0,1.0
24,0.05,both,78,50,0.8974358974358975,5.269230769230769,0.0,0.0,1.0
24,0.05,all,303,135,0.933993399339934,5.161716171617162,0.0,0.0,1.0
24,0.1,derm,211,78,0.8862559241706162,3.6824644549763033,0.02564102564102564,0.09022556390977443,0.933649289099526
24,0.1,clin,14,7,0.7857142857142857,3.2142857142857144,0.14285714285714285,0.0,0.9285714285714286
24,0.1,both,78,50,0.8589743589743589,3.8846153846153846,0.0,0.0,1.0
24,0.1,all,303,135,0.8745874587458746,3.712871287128713,0.022222222222222223,0.07142857142857142,0.9504950495049505
24,0.15,derm,211,78,0.8625592417061612,3.175355450236967,0.038461538461538464,0.15789473684210525,0.8862559241706162
24,0.15,clin,14,7,0.7857142857142857,2.9285714285714284,0.2857142857142857,0.0,0.8571428571428571
24,0.15,both,78,50,0.8333333333333334,3.41025641025641,0.02,0.0,0.9871794871794872
24,0.15,all,303,135,0.8514851485148515,3.2244224422442245,0.044444444444444446,0.125,0.9108910891089109
25,0.05,derm,231,75,1.0,5.874458874458875,0.0,0.0,1.0
25,0.05,clin,18,8,0.8888888888888888,5.555555555555555,0.0,0.0,1.0
25,0.05,both,73,50,0.9178082191780822,6.013698630136986,0.0,0.0,1.0
25,0.05,all,322,133,0.9751552795031055,5.888198757763975,0.0,0.0,1.0
25,0.1,derm,231,75,0.9567099567099567,4.268398268398268,0.013333333333333334,0.01282051282051282,0.987012987012987
25,0.1,clin,18,8,0.8333333333333334,4.111111111111111,0.0,0.0,1.0
25,0.1,both,73,50,0.9041095890410958,4.4520547945205475,0.0,0.0,1.0
25,0.1,all,322,133,0.937888198757764,4.301242236024844,0.007518796992481203,0.010582010582010581,0.9906832298136646
25,0.15,derm,231,75,0.9134199134199135,3.2164502164502164,0.02666666666666667,0.1282051282051282,0.9047619047619048
25,0.15,clin,18,8,0.7777777777777778,3.111111111111111,0.0,0.0,1.0
25,0.15,both,73,50,0.8493150684931506,3.7260273972602738,0.04,0.0,0.9726027397260274
25,0.15,all,322,133,0.8913043478260869,3.3260869565217392,0.03007518796992481,0.10582010582010581,0.9254658385093167
26,0.05,derm,301,85,0.973421926910299,5.471760797342193,0.0,0.0,1.0
26,0.05,clin,11,8,0.8181818181818182,5.2727272727272725,0.0,0.0,1.0
26,0.05,both,93,64,0.946236559139785,5.655913978494624,0.0,0.0,1.0
26,0.05,all,405,157,0.9629629629629629,5.508641975308642,0.0,0.0,1.0
26,0.1,derm,301,85,0.9501661129568106,4.132890365448505,0.03529411764705882,0.032407407407407406,0.9667774086378738
26,0.1,clin,11,8,0.8181818181818182,3.909090909090909,0.0,0.0,1.0
26,0.1,both,93,64,0.9354838709677419,4.591397849462366,0.0,0.0,1.0
26,0.1,all,405,157,0.9432098765432099,4.232098765432099,0.01910828025477707,0.028225806451612902,0.9753086419753086
26,0.15,derm,301,85,0.8903654485049833,3.009966777408638,0.03529411764705882,0.21296296296296297,0.8372093023255814
26,0.15,clin,11,8,0.6363636363636364,2.6363636363636362,0.0,0.0,1.0
26,0.15,both,93,64,0.9032258064516129,3.806451612903226,0.0,0.0,1.0
26,0.15,all,405,157,0.8864197530864197,3.1827160493827162,0.01910828025477707,0.18548387096774194,0.8790123456790123
27,0.05,derm,296,76,0.972972972972973,5.6925675675675675,0.0,0.0,1.0
27,0.05,clin,18,12,0.8888888888888888,5.777777777777778,0.0,0.0,1.0
27,0.05,both,85,58,0.8941176470588236,6.0,0.0,0.0,1.0
27,0.05,all,399,146,0.9523809523809523,5.761904761904762,0.0,0.0,1.0
27,0.1,derm,296,76,0.9324324324324325,3.6587837837837838,0.02631578947368421,0.07272727272727272,0.9391891891891891
27,0.1,clin,18,12,0.7777777777777778,3.6666666666666665,0.0,0.0,1.0
27,0.1,both,85,58,0.8823529411764706,4.176470588235294,0.0,0.0,1.0
27,0.1,all,399,146,0.9147869674185464,3.769423558897243,0.0136986301369863,0.06324110671936758,0.9548872180451128
27,0.15,derm,296,76,0.902027027027027,2.847972972972973,0.039473684210526314,0.22272727272727272,0.8243243243243243
27,0.15,clin,18,12,0.7777777777777778,3.0555555555555554,0.08333333333333333,0.0,0.9444444444444444
27,0.15,both,85,58,0.8470588235294118,3.6705882352941175,0.0,0.0,1.0
27,0.15,all,399,146,0.8847117794486216,3.0325814536340854,0.0273972602739726,0.19367588932806323,0.8671679197994987
28,0.05,derm,210,92,0.9952380952380953,6.447619047619048,0.0,0.0,1.0
28,0.05,clin,14,9,0.8571428571428571,5.785714285714286,0.0,0.0,1.0
28,0.05,both,89,62,0.9550561797752809,6.325842696629214,0.0,0.0,1.0
28,0.05,all,313,163,0.9776357827476039,6.383386581469648,0.0,0.0,1.0
28,0.1,derm,210,92,0.9666666666666667,4.976190476190476,0.0,0.00847457627118644,0.9952380952380953
28,0.1,clin,14,9,0.8571428571428571,3.9285714285714284,0.0,0.0,1.0
28,0.1,both,89,62,0.9213483146067416,4.595505617977528,0.0,0.0,1.0
28,0.1,all,313,163,0.9488817891373802,4.821086261980831,0.0,0.006666666666666667,0.9968051118210862
28,0.15,derm,210,92,0.9142857142857143,3.780952380952381,0.010869565217391304,0.13559322033898305,0.919047619047619
28,0.15,clin,14,9,0.7857142857142857,3.2142857142857144,0.1111111111111111,0.0,0.9285714285714286
28,0.15,both,89,62,0.8426966292134831,3.4269662921348316,0.03225806451612903,0.037037037037037035,0.9662921348314607
28,0.15,all,313,163,0.8881789137380192,3.6549520766773163,0.024539877300613498,0.11333333333333333,0.9329073482428115
29,0.05,derm,283,75,0.9787985865724381,5.855123674911661,0.0,0.0,1.0
29,0.05,clin,15,12,0.9333333333333333,6.0,0.0,0.0,1.0
29,0.05,both,88,55,0.9318181818181818,6.1022727272727275,0.0,0.0,1.0
29,0.05,all,386,142,0.966321243523316,5.917098445595855,0.0,0.0,1.0
29,0.1,derm,283,75,0.9399293286219081,4.003533568904594,0.0,0.03365384615384615,0.9752650176678446
29,0.1,clin,15,12,0.9333333333333333,3.933333333333333,0.0,0.0,1.0
29,0.1,both,88,55,0.8977272727272727,4.454545454545454,0.0,0.0,1.0
29,0.1,all,386,142,0.9300518134715026,4.103626943005182,0.0,0.028688524590163935,0.9818652849740933
29,0.15,derm,283,75,0.8939929328621908,3.067137809187279,0.0,0.1778846153846154,0.8692579505300353
29,0.15,clin,15,12,0.8666666666666667,3.0,0.0,0.0,1.0
29,0.15,both,88,55,0.8522727272727273,3.8863636363636362,0.01818181818181818,0.0,0.9886363636363636
29,0.15,all,386,142,0.883419689119171,3.2512953367875648,0.007042253521126761,0.15163934426229508,0.9015544041450777
30,0.05,derm,289,104,0.9930795847750865,6.024221453287197,0.0,0.0,1.0
30,0.05,clin,16,10,1.0,6.0,0.0,0.0,1.0
30,0.05,both,66,41,0.8939393939393939,5.863636363636363,0.0,0.0,1.0
30,0.05,all,371,155,0.9757412398921833,5.994609164420485,0.0,0.0,1.0
30,0.1,derm,289,104,0.9446366782006921,4.176470588235294,0.019230769230769232,0.043243243243243246,0.9653979238754326
30,0.1,clin,16,10,0.8125,3.875,0.1,0.0,0.9375
30,0.1,both,66,41,0.8787878787878788,4.287878787878788,0.0,0.0,1.0
30,0.1,all,371,155,0.9272237196765498,4.183288409703504,0.01935483870967742,0.037037037037037035,0.9703504043126685
30,0.15,derm,289,104,0.9065743944636678,3.217993079584775,0.028846153846153848,0.1891891891891892,0.8685121107266436
30,0.15,clin,16,10,0.6875,2.625,0.1,0.0,0.9375
30,0.15,both,66,41,0.803030303030303,3.4242424242424243,0.04878048780487805,0.04,0.9545454545454546
30,0.15,all,371,155,0.8787061994609164,3.22911051212938,0.03870967741935484,0.16666666666666666,0.8867924528301887
31,0.05,derm,225,90,0.9688888888888889,6.115555555555556,0.0,0.0,1.0
31,0.05,clin,16,9,1.0,5.125,0.0,0.0,1.0
31,0.05,both,84,51,0.9642857142857143,5.916666666666667,0.0,0.0,1.0
31,0.05,all,325,150,0.9692307692307692,6.015384615384615,0.0,0.0,1.0
31,0.1,derm,225,90,0.9244444444444444,4.52,0.0,0.05185185185185185,0.9688888888888889
31,0.1,clin,16,9,1.0,3.9375,0.0,0.0,1.0
31,0.1,both,84,51,0.9166666666666666,4.285714285714286,0.0,0.0,1.0
31,0.1,all,325,150,0.9261538461538461,4.430769230769231,0.0,0.04,0.9784615384615385
31,0.15,derm,225,90,0.8977777777777778,3.7422222222222223,0.0,0.11851851851851852,0.9288888888888889
31,0.15,clin,16,9,0.9375,3.1875,0.0,0.0,1.0
31,0.15,both,84,51,0.8928571428571429,3.5833333333333335,0.0,0.030303030303030304,0.9880952380952381
31,0.15,all,325,150,0.8984615384615384,3.6738461538461538,0.0,0.09714285714285714,0.9476923076923077
32,0.05,derm,194,92,0.979381443298969,6.314432989690721,0.0,0.0,1.0
32,0.05,clin,15,14,0.9333333333333333,6.0,0.0,0.0,1.0
32,0.05,both,88,58,0.9318181818181818,6.204545454545454,0.0,0.0,1.0
32,0.05,all,297,164,0.9629629629629629,6.265993265993266,0.0,0.0,1.0
32,0.1,derm,194,92,0.9329896907216495,4.463917525773196,0.0,0.0392156862745098,0.979381443298969
32,0.1,clin,15,14,0.9333333333333333,4.0,0.0,0.0,1.0
32,0.1,both,88,58,0.8863636363636364,4.3522727272727275,0.0,0.0,1.0
32,0.1,all,297,164,0.9191919191919192,4.407407407407407,0.0,0.03007518796992481,0.9865319865319865
32,0.15,derm,194,92,0.9123711340206185,3.716494845360825,0.0,0.13725490196078433,0.9278350515463918
32,0.15,clin,15,14,0.8,3.2666666666666666,0.0,0.0,1.0
32,0.15,both,88,58,0.875,3.715909090909091,0.0,0.03333333333333333,0.9886363636363636
32,0.15,all,297,164,0.8956228956228957,3.6936026936026938,0.0,0.11278195488721804,0.9494949494949495
33,0.05,derm,325,84,0.9938461538461538,6.126153846153846,0.0,0.0,1.0
33,0.05,clin,19,13,0.8947368421052632,6.157894736842105,0.0,0.0,1.0
33,0.05,both,67,49,0.9104477611940298,6.08955223880597,0.0,0.0,1.0
33,0.05,all,411,146,0.975669099756691,6.121654501216545,0.0,0.0,1.0
33,0.1,derm,325,84,0.9569230769230769,4.0830769230769235,0.011904761904761904,0.04979253112033195,0.96
33,0.1,clin,19,13,0.8947368421052632,4.105263157894737,0.0,0.0,1.0
33,0.1,both,67,49,0.8656716417910447,4.2388059701492535,0.0,0.0,1.0
33,0.1,all,411,146,0.9391727493917275,4.109489051094891,0.00684931506849315,0.045283018867924525,0.9683698296836983
33,0.15,derm,325,84,0.9323076923076923,3.252307692307692,0.023809523809523808,0.16182572614107885,0.8738461538461538
33,0.15,clin,19,13,0.7368421052631579,3.0526315789473686,0.07692307692307693,0.0,0.9473684210526315
33,0.15,both,67,49,0.8507462686567164,3.5671641791044775,0.02040816326530612,0.0,0.9850746268656716
33,0.15,all,411,146,0.9099756690997567,3.294403892944039,0.0273972602739726,0.1471698113207547,0.8953771289537713
34,0.05,derm,247,90,0.951417004048583,5.412955465587045,0.0,0.0,1.0
34,0.05,clin,17,9,0.7647058823529411,4.235294117647059,0.0,0.0,1.0
34,0.05,both,77,47,0.8831168831168831,5.688311688311688,0.0,0.0,1.0
34,0.05,all,341,146,0.9266862170087976,5.416422287390029,0.0,0.0,1.0
34,0.1,derm,247,90,0.9068825910931174,3.6963562753036436,0.022222222222222223,0.08280254777070063,0.9392712550607287
34,0.1,clin,17,9,0.5882352941176471,2.764705882352941,0.1111111111111111,0.0,0.9411764705882353
34,0.1,both,77,47,0.8311688311688312,3.831168831168831,0.0,0.03333333333333333,0.987012987012987
34,0.1,all,341,146,0.873900293255132,3.6803519061583576,0.02054794520547945,0.07179487179487179,0.9501466275659824
34,0.15,derm,247,90,0.8744939271255061,2.9919028340080973,0.03333333333333333,0.15286624203821655,0.8906882591093117
34,0.15,clin,17,9,0.5882352941176471,2.411764705882353,0.1111111111111111,0.0,0.9411764705882353
34,0.15,both,77,47,0.7402597402597403,3.25974025974026,0.0,0.0,1.0
34,0.15,all,341,146,0.8299120234604106,3.0234604105571847,0.0273972602739726,0.12307692307692308,0.9178885630498533
35,0.05,derm,216,77,0.9907407407407407,5.796296296296297,0.0,0.0,1.0
35,0.05,clin,15,6,1.0,5.666666666666667,0.0,0.0,1.0
35,0.05,both,106,65,0.9339622641509434,6.283018867924528,0.0,0.0,1.0
35,0.05,all,337,148,0.973293768545994,5.943620178041543,0.0,0.0,1.0
35,0.1,derm,216,77,0.9629629629629629,4.287037037037037,0.0,0.03597122302158273,0.9768518518518519
35,0.1,clin,15,6,0.8,4.133333333333334,0.0,0.0,1.0
35,0.1,both,106,65,0.8867924528301887,4.528301886792453,0.0,0.0,1.0
35,0.1,all,337,148,0.9317507418397626,4.356083086053412,0.0,0.026455026455026454,0.9851632047477745
35,0.15,derm,216,77,0.9120370370370371,3.111111111111111,0.025974025974025976,0.2158273381294964,0.8518518518518519
35,0.15,clin,15,6,0.6666666666666666,3.1333333333333333,0.0,0.0,1.0
35,0.15,both,106,65,0.8584905660377359,3.5943396226415096,0.046153846153846156,0.0,0.9716981132075472
35,0.15,all,337,148,0.884272997032641,3.264094955489614,0.033783783783783786,0.15873015873015872,0.8961424332344213
36,0.05,derm,208,103,0.9807692307692307,6.581730769230769,0.0,0.0,1.0
36,0.05,clin,13,11,1.0,6.769230769230769,0.0,0.0,1.0
36,0.05,both,87,60,0.9655172413793104,6.609195402298851,0.0,0.0,1.0
36,0.05,all,308,174,0.9772727272727273,6.597402597402597,0.0,0.0,1.0
36,0.1,derm,208,103,0.9615384615384616,4.798076923076923,0.0,0.009523809523809525,0.9951923076923077
36,0.1,clin,13,11,0.9230769230769231,4.615384615384615,0.0,0.0,1.0
36,0.1,both,87,60,0.9425287356321839,4.781609195402299,0.0,0.0,1.0
36,0.1,all,308,174,0.9545454545454546,4.785714285714286,0.0,0.007462686567164179,0.9967532467532467
36,0.15,derm,208,103,0.9086538461538461,3.8076923076923075,0.009708737864077669,0.06666666666666667,0.9615384615384616
36,0.15,clin,13,11,0.7692307692307693,3.4615384615384617,0.0,0.0,1.0
36,0.15,both,87,60,0.9080459770114943,3.9885057471264367,0.0,0.0,1.0
36,0.15,all,308,174,0.9025974025974026,3.844155844155844,0.005747126436781609,0.05223880597014925,0.974025974025974
37,0.05,derm,223,82,1.0,6.358744394618834,0.0,0.0,1.0
37,0.05,clin,14,11,0.9285714285714286,6.0,0.0,0.0,1.0
37,0.05,both,91,56,0.9230769230769231,6.131868131868132,0.0,0.0,1.0
37,0.05,all,328,149,0.975609756097561,6.280487804878049,0.0,0.0,1.0
37,0.1,derm,223,82,0.9551569506726457,4.479820627802691,0.0,0.03546099290780142,0.9775784753363229
37,0.1,clin,14,11,0.8571428571428571,3.857142857142857,0.0,0.0,1.0
37,0.1,both,91,56,0.8681318681318682,4.21978021978022,0.0,0.0,1.0
37,0.1,all,328,149,0.926829268292683,4.3810975609756095,0.0,0.027932960893854747,0.9847560975609756
37,0.15,derm,223,82,0.9327354260089686,3.8475336322869955,0.0,0.12056737588652482,0.9237668161434978
37,0.15,clin,14,11,0.7857142857142857,3.0714285714285716,0.09090909090909091,0.0,0.9285714285714286
37,0.15,both,91,56,0.8461538461538461,3.6483516483516483,0.017857142857142856,0.02857142857142857,0.978021978021978
37,0.15,all,328,149,0.9024390243902439,3.7591463414634148,0.013422818791946308,0.1005586592178771,0.9390243902439024
38,0.05,derm,266,97,0.9774436090225563,6.142857142857143,0.0,0.0,1.0
38,0.05,clin,20,14,0.95,5.8,0.0,0.0,1.0
38,0.05,both,89,57,0.9438202247191011,6.067415730337078,0.0,0.0,1.0
38,0.05,all,375,168,0.968,6.1066666666666665,0.0,0.0,1.0
38,0.1,derm,266,97,0.9473684210526315,4.650375939849624,0.0,0.005917159763313609,0.9962406015037594
38,0.1,clin,20,14,0.95,4.05,0.0,0.0,1.0
38,0.1,both,89,57,0.9325842696629213,4.47191011235955,0.0,0.0,1.0
38,0.1,all,375,168,0.944,4.576,0.0,0.004830917874396135,0.9973333333333333
38,0.15,derm,266,97,0.9097744360902256,3.5789473684210527,0.0,0.13609467455621302,0.9135338345864662
38,0.15,clin,20,14,0.85,3.15,0.0,0.0,1.0
38,0.15,both,89,57,0.9101123595505618,3.6179775280898876,0.017543859649122806,0.03125,0.9775280898876404
38,0.15,all,375,168,0.9066666666666666,3.5653333333333332,0.005952380952380952,0.11594202898550725,0.9333333333333333
39,0.05,derm,268,73,0.9850746268656716,5.970149253731344,0.0,0.0,1.0
39,0.05,clin,12,11,0.9166666666666666,6.833333333333333,0.0,0.0,1.0
39,0.05,both,87,59,0.9540229885057471,6.64367816091954,0.0,0.0,1.0
39,0.05,all,367,143,0.9754768392370572,6.1580381471389645,0.0,0.0,1.0
39,0.1,derm,268,73,0.9477611940298507,3.962686567164179,0.0,0.005128205128205128,0.996268656716418
39,0.1,clin,12,11,0.75,3.9166666666666665,0.0,0.0,1.0
39,0.1,both,87,59,0.8505747126436781,4.264367816091954,0.0,0.0,1.0
39,0.1,all,367,143,0.9182561307901907,4.032697547683924,0.0,0.004464285714285714,0.997275204359673
39,0.15,derm,268,73,0.9104477611940298,2.958955223880597,0.0,0.20512820512820512,0.8507462686567164
39,0.15,clin,12,11,0.6666666666666666,2.3333333333333335,0.09090909090909091,0.0,0.9166666666666666
39,0.15,both,87,59,0.7816091954022989,3.4827586206896552,0.01694915254237288,0.03571428571428571,0.9770114942528736
39,0.15,all,367,143,0.8719346049046321,3.0626702997275204,0.013986013986013986,0.18303571428571427,0.8828337874659401
40,0.05,derm,273,88,0.9926739926739927,6.366300366300366,0.0,0.0,1.0
40,0.05,clin,14,9,1.0,6.5,0.0,0.0,1.0
40,0.05,both,80,52,0.95,6.3875,0.0,0.0,1.0
40,0.05,all,367,149,0.9836512261580381,6.376021798365122,0.0,0.0,1.0
40,0.1,derm,273,88,0.9743589743589743,4.915750915750916,0.0,0.010810810810810811,0.9926739926739927
40,0.1,clin,14,9,0.9285714285714286,4.714285714285714,0.0,0.0,1.0
40,0.1,both,80,52,0.925,4.7375,0.0,0.0,1.0
40,0.1,all,367,149,0.9618528610354223,4.869209809264305,0.0,0.009174311926605505,0.9945504087193461
40,0.15,derm,273,88,0.9377289377289377,3.78021978021978,0.0,0.08108108108108109,0.945054945054945
40,0.15,clin,14,9,0.8571428571428571,3.7142857142857144,0.0,0.0,1.0
40,0.15,both,80,52,0.925,3.9,0.0,0.0,1.0
40,0.15,all,367,149,0.9318801089918256,3.803814713896458,0.0,0.06880733944954129,0.9591280653950953
41,0.05,derm,267,80,0.9887640449438202,5.49812734082397,0.0,0.0,1.0
41,0.05,clin,13,9,0.9230769230769231,5.230769230769231,0.0,0.0,1.0
41,0.05,both,83,58,0.9397590361445783,6.240963855421687,0.0,0.0,1.0
41,0.05,all,363,147,0.9752066115702479,5.658402203856749,0.0,0.0,1.0
41,0.1,derm,267,80,0.9700374531835206,3.850187265917603,0.0,0.06951871657754011,0.951310861423221
41,0.1,clin,13,9,0.8461538461538461,3.5384615384615383,0.0,0.0,1.0
41,0.1,both,83,58,0.891566265060241,4.36144578313253,0.0,0.0,1.0
41,0.1,all,363,147,0.9476584022038568,3.955922865013774,0.0,0.06018518518518518,0.9641873278236914
41,0.15,derm,267,80,0.9363295880149812,3.2134831460674156,0.0,0.20855614973262032,0.8539325842696629
41,0.15,clin,13,9,0.6923076923076923,2.8461538461538463,0.0,0.0,1.0
41,0.15,both,83,58,0.8554216867469879,3.6867469879518073,0.0,0.04,0.9879518072289156
41,0.15,all,363,147,0.9090909090909091,3.3085399449035813,0.0,0.18518518518518517,0.8898071625344353
42,0.05,derm,213,81,0.9953051643192489,5.802816901408451,0.0,0.0,1.0
42,0.05,clin,15,11,0.8666666666666667,5.533333333333333,0.0,0.0,1.0
42,0.05,both,77,57,0.922077922077922,6.1558441558441555,0.0,0.0,1.0
42,0.05,all,305,149,0.9704918032786886,5.878688524590164,0.0,0.0,1.0
42,0.1,derm,213,81,0.9577464788732394,4.056338028169014,0.0,0.08333333333333333,0.9483568075117371
42,0.1,clin,15,11,0.8666666666666667,4.133333333333334,0.0,0.0,1.0
42,0.1,both,77,57,0.8441558441558441,4.6103896103896105,0.0,0.0,1.0
42,0.1,all,305,149,0.9245901639344263,4.2,0.0,0.07051282051282051,0.9639344262295082
42,0.15,derm,213,81,0.8967136150234741,2.971830985915493,0.012345679012345678,0.2727272727272727,0.8262910798122066
42,0.15,clin,15,11,0.8,3.066666666666667,0.0,0.0,1.0
42,0.15,both,77,57,0.8181818181818182,3.5844155844155843,0.017543859649122806,0.05,0.974025974025974
42,0.15,all,305,149,0.8721311475409836,3.1311475409836067,0.013422818791946308,0.23717948717948717,0.8721311475409836
43,0.05,derm,221,81,0.9909502262443439,5.398190045248869,0.0,0.007142857142857143,0.995475113122172
43,0.05,clin,15,9,0.8666666666666667,4.666666666666667,0.0,0.0,1.0
43,0.05,both,80,52,0.9125,5.6,0.0,0.0,1.0
43,0.05,all,316,142,0.9651898734177216,5.4145569620253164,0.0,0.005747126436781609,0.9968354430379747
43,0.1,derm,221,81,0.9502262443438914,3.8099547511312215,0.037037037037037035,0.12857142857142856,0.9049773755656109
43,0.1,clin,15,9,0.7333333333333333,3.4,0.1111111111111111,0.0,0.9333333333333333
43,0.1,both,80,52,0.875,4.4,0.0,0.0,1.0
43,0.1,all,316,142,0.9208860759493671,3.939873417721519,0.028169014084507043,0.10344827586206896,0.930379746835443
43,0.15,derm,221,81,0.918552036199095,3.081447963800905,0.037037037037037035,0.21428571428571427,0.8506787330316742
43,0.15,clin,15,9,0.5333333333333333,2.933333333333333,0.2222222222222222,0.0,0.8666666666666667
43,0.15,both,80,52,0.85,3.6375,0.0,0.03571428571428571,0.9875
43,0.15,all,316,142,0.8829113924050633,3.2151898734177213,0.035211267605633804,0.1781609195402299,0.8860759493670886
44,0.05,derm,282,85,0.9858156028368794,5.23404255319149,0.0,0.005076142131979695,0.9964539007092199
44,0.05,clin,17,12,0.9411764705882353,5.470588235294118,0.0,0.0,1.0
44,0.05,both,76,51,0.9078947368421053,5.7368421052631575,0.0,0.0,1.0
44,0.05,all,375,148,0.968,5.346666666666667,0.0,0.004405286343612335,0.9973333333333333
44,0.1,derm,282,85,0.9787234042553191,4.173758865248227,0.0,0.07614213197969544,0.9468085106382979
44,0.1,clin,17,12,0.9411764705882353,3.823529411764706,0.0,0.0,1.0
44,0.1,both,76,51,0.868421052631579,4.4868421052631575,0.0,0.0,1.0
44,0.1,all,375,148,0.9546666666666667,4.221333333333333,0.0,0.06607929515418502,0.96
44,0.15,derm,282,85,0.9397163120567376,3.3297872340425534,0.011764705882352941,0.23857868020304568,0.8297872340425532
44,0.15,clin,17,12,0.7647058823529411,2.8823529411764706,0.16666666666666666,0.0,0.8823529411764706
44,0.15,both,76,51,0.868421052631579,3.9342105263157894,0.0,0.04,0.9868421052631579
44,0.15,all,375,148,0.9173333333333333,3.432,0.02027027027027027,0.21145374449339208,0.864
45,0.05,derm,155,71,1.0,6.077419354838709,0.0,0.0,1.0
45,0.05,clin,14,12,1.0,6.571428571428571,0.0,0.0,1.0
45,0.05,both,102,69,0.9411764705882353,6.46078431372549,0.0,0.0,1.0
45,0.05,all,271,152,0.977859778597786,6.247232472324724,0.0,0.0,1.0
45,0.1,derm,155,71,0.9548387096774194,4.180645161290323,0.0,0.10714285714285714,0.9419354838709677
45,0.1,clin,14,12,0.9285714285714286,4.142857142857143,0.0,0.0,1.0
45,0.1,both,102,69,0.8823529411764706,4.588235294117647,0.0,0.0,1.0
45,0.1,all,271,152,0.9261992619926199,4.332103321033211,0.0,0.07563025210084033,0.966789667896679
45,0.15,derm,155,71,0.8903225806451613,3.296774193548387,0.014084507042253521,0.20238095238095238,0.8838709677419355
45,0.15,clin,14,12,0.8571428571428571,3.142857142857143,0.0,0.0,1.0
45,0.15,both,102,69,0.8529411764705882,3.7058823529411766,0.014492753623188406,0.0,0.9901960784313726
45,0.15,all,271,152,0.8745387453874539,3.4428044280442807,0.013157894736842105,0.14285714285714285,0.9298892988929889
46,0.05,derm,258,84,0.9806201550387597,6.034883720930233,0.0,0.0,1.0
46,0.05,clin,9,9,0.8888888888888888,5.888888888888889,0.0,,1.0
46,0.05,both,79,56,0.8987341772151899,6.341772151898734,0.0,0.0,1.0
46,0.05,all,346,149,0.9595375722543352,6.101156069364162,0.0,0.0,1.0
46,0.1,derm,258,84,0.937984496124031,4.3062015503875966,0.0,0.011494252873563218,0.9922480620155039
46,0.1,clin,9,9,0.8888888888888888,4.222222222222222,0.0,,1.0
46,0.1,both,79,56,0.8607594936708861,4.455696202531645,0.0,0.0,1.0
46,0.1,all,346,149,0.9190751445086706,4.338150289017341,0.0,0.01015228426395939,0.9942196531791907
46,0.15,derm,258,84,0.8914728682170543,3.2248062015503876,0.0,0.16091954022988506,0.8914728682170543
46,0.15,clin,9,9,0.8888888888888888,2.888888888888889,0.0,,1.0
46,0.15,both,79,56,0.7974683544303798,3.5949367088607596,0.0,0.043478260869565216,0.9873417721518988
46,0.15,all,346,149,0.869942196531792,3.300578034682081,0.0,0.14720812182741116,0.9161849710982659
47,0.05,derm,197,69,0.9695431472081218,5.086294416243655,0.014492753623188406,0.0,0.9949238578680203
47,0.05,clin,12,6,0.9166666666666666,4.083333333333333,0.0,0.0,1.0
47,0.05,both,92,67,0.8695652173913043,5.119565217391305,0.0,0.0,1.0
47,0.05,all,301,142,0.9368770764119602,5.056478405315614,0.007042253521126761,0.0,0.9966777408637874
47,0.1,derm,197,69,0.934010152284264,3.66497461928934,0.043478260869565216,0.109375,0.9137055837563451
47,0.1,clin,12,6,0.5833333333333334,2.8333333333333335,0.16666666666666666,0.0,0.9166666666666666
47,0.1,both,92,67,0.8369565217391305,3.989130434782609,0.0,0.0,1.0
47,0.1,all,301,142,0.8903654485049833,3.7308970099667773,0.028169014084507043,0.0880503144654088,0.9401993355481728
47,0.15,derm,197,69,0.9187817258883249,3.2436548223350252,0.057971014492753624,0.1796875,0.8629441624365483
47,0.15,clin,12,6,0.5833333333333334,2.5,0.3333333333333333,0.0,0.8333333333333334
47,0.15,both,92,67,0.8260869565217391,3.6847826086956523,0.0,0.0,1.0
47,0.15,all,301,142,0.8770764119601329,3.3488372093023258,0.04225352112676056,0.14465408805031446,0.9036544850498339
48,0.05,derm,177,85,0.9661016949152542,6.107344632768362,0.0,0.0,1.0
48,0.05,clin,14,13,1.0,6.0,0.0,0.0,1.0
48,0.05,both,82,56,0.9634146341463414,6.060975609756097,0.0,0.0,1.0
48,0.05,all,273,154,0.967032967032967,6.087912087912088,0.0,0.0,1.0
48,0.1,derm,177,85,0.9152542372881356,4.796610169491525,0.011764705882352941,0.0,0.9943502824858758
48,0.1,clin,14,13,0.8571428571428571,4.285714285714286,0.07692307692307693,0.0,0.9285714285714286
48,0.1,both,82,56,0.926829268292683,4.597560975609756,0.0,0.0,1.0
48,0.1,all,273,154,0.9157509157509157,4.710622710622711,0.012987012987012988,0.0,0.9926739926739927
48,0.15,derm,177,85,0.8757062146892656,3.615819209039548,0.03529411764705882,0.17391304347826086,0.8926553672316384
48,0.15,clin,14,13,0.8571428571428571,3.5,0.07692307692307693,0.0,0.9285714285714286
48,0.15,both,82,56,0.8658536585365854,3.8292682926829267,0.0,0.0,1.0
48,0.15,all,273,154,0.8717948717948718,3.673992673992674,0.025974025974025976,0.13445378151260504,0.9267399267399268
49,0.05,derm,236,80,0.9745762711864406,5.923728813559322,0.0,0.0,1.0
49,0.05,clin,21,15,0.8571428571428571,5.619047619047619,0.0,0.0,1.0
49,0.05,both,81,56,0.8888888888888888,5.790123456790123,0.0,0.0,1.0
49,0.05,all,338,151,0.9467455621301775,5.872781065088757,0.0,0.0,1.0
49,0.1,derm,236,80,0.9491525423728814,4.733050847457627,0.0125,0.00641025641025641,0.9915254237288136
49,0.1,clin,21,15,0.8095238095238095,4.238095238095238,0.0,0.0,1.0
49,0.1,both,81,56,0.8765432098765432,4.481481481481482,0.0,0.0,1.0
49,0.1,all,338,151,0.9230769230769231,4.6420118343195265,0.006622516556291391,0.0053475935828877,0.9940828402366864
49,0.15,derm,236,80,0.9067796610169492,3.610169491525424,0.025,0.02564102564102564,0.9745762711864406
49,0.15,clin,21,15,0.6190476190476191,2.619047619047619,0.06666666666666667,0.0,0.9523809523809523
49,0.15,both,81,56,0.8271604938271605,3.567901234567901,0.0,0.04,0.9876543209876543
49,0.15,all,338,151,0.8698224852071006,3.5384615384615383,0.019867549668874173,0.026737967914438502,0.9763313609467456
50,0.05,derm,309,86,0.9967637540453075,6.158576051779935,0.0,0.0,1.0
50,0.05,clin,17,15,0.9411764705882353,6.705882352941177,0.0,0.0,1.0
50,0.05,both,81,66,1.0,6.814814814814815,0.0,0.0,1.0
50,0.05,all,407,167,0.995085995085995,6.312039312039312,0.0,0.0,1.0
50,0.1,derm,309,86,0.9805825242718447,4.11326860841424,0.03488372093023256,0.04932735426008968,0.9546925566343042
50,0.1,clin,17,15,0.8823529411764706,4.235294117647059,0.0,0.0,1.0
50,0.1,both,81,66,0.9382716049382716,4.481481481481482,0.0,0.0,1.0
50,0.1,all,407,167,0.9680589680589681,4.191646191646192,0.017964071856287425,0.04583333333333333,0.9656019656019657
50,0.15,derm,309,86,0.9611650485436893,3.233009708737864,0.03488372093023256,0.19730941704035873,0.8478964401294499
50,0.15,clin,17,15,0.8235294117647058,3.235294117647059,0.0,0.0,1.0
50,0.15,both,81,66,0.9382716049382716,3.9382716049382718,0.0,0.06666666666666667,0.9876543209876543
50,0.15,all,407,167,0.9508599508599509,3.3734643734643734,0.017964071856287425,0.1875,0.8820638820638821
51,0.05,derm,198,67,1.0,6.111111111111111,0.0,0.0,1.0
51,0.05,clin,23,16,0.9565217391304348,6.086956521739131,0.0,0.0,1.0
51,0.05,both,92,69,0.9456521739130435,6.4021739130434785,0.0,0.0,1.0
51,0.05,all,313,152,0.9808306709265175,6.194888178913738,0.0,0.0,1.0
51,0.1,derm,198,67,0.98989898989899,4.595959595959596,0.0,0.022900763358778626,0.9848484848484849
51,0.1,clin,23,16,0.9565217391304348,4.217391304347826,0.0,0.0,1.0
51,0.1,both,92,69,0.8804347826086957,4.869565217391305,0.0,0.0,1.0
51,0.1,all,313,152,0.9552715654952076,4.6485623003194885,0.0,0.018633540372670808,0.9904153354632588
51,0.15,derm,198,67,0.9696969696969697,3.5202020202020203,0.014925373134328358,0.16793893129770993,0.8838383838383839
51,0.15,clin,23,16,0.9565217391304348,3.4347826086956523,0.0,0.0,1.0
51,0.15,both,92,69,0.8586956521739131,4.184782608695652,0.0,0.043478260869565216,0.9891304347826086
51,0.15,all,313,152,0.9361022364217252,3.70926517571885,0.006578947368421052,0.14285714285714285,0.9233226837060703
52,0.05,derm,194,94,0.9742268041237113,6.036082474226804,0.0,0.0,1.0
52,0.05,clin,10,6,0.9,5.7,0.0,0.0,1.0
52,0.05,both,75,54,0.9466666666666667,6.32,0.0,0.0,1.0
52,0.05,all,279,154,0.96415770609319,6.100358422939068,0.0,0.0,1.0
52,0.1,derm,194,94,0.9432989690721649,4.175257731958763,0.0,0.09,0.9536082474226805
52,0.1,clin,10,6,0.9,3.4,0.0,0.0,1.0
52,0.1,both,75,54,0.8933333333333333,4.573333333333333,0.0,0.0,1.0
52,0.1,all,279,154,0.9283154121863799,4.254480286738351,0.0,0.072,0.967741935483871
52,0.15,derm,194,94,0.8608247422680413,3.149484536082474,0.0,0.24,0.8762886597938144
52,0.15,clin,10,6,0.9,2.8,0.0,0.0,1.0
52,0.15,both,75,54,0.8266666666666667,3.506666666666667,0.0,0.047619047619047616,0.9866666666666667
52,0.15,all,279,154,0.8530465949820788,3.2329749103942653,0.0,0.2,0.910394265232975
53,0.05,derm,220,90,0.990909090909091,6.136363636363637,0.0,0.0,1.0
53,0.05,clin,21,10,0.9523809523809523,5.571428571428571,0.0,0.0,1.0
53,0.05,both,80,50,0.95,6.25,0.0,0.0,1.0
53,0.05,all,321,150,0.9781931464174455,6.127725856697819,0.0,0.0,1.0
53,0.1,derm,220,90,0.95,4.904545454545454,0.0,0.015384615384615385,0.990909090909091
53,0.1,clin,21,10,0.9523809523809523,4.142857142857143,0.0,0.0,1.0
53,0.1,both,80,50,0.95,4.65,0.0,0.0,1.0
53,0.1,all,321,150,0.9501557632398754,4.7912772585669785,0.0,0.011695906432748537,0.9937694704049844
53,0.15,derm,220,90,0.9090909090909091,3.7954545454545454,0.011111111111111112,0.08461538461538462,0.9454545454545454
53,0.15,clin,21,10,0.9523809523809523,3.5714285714285716,0.0,0.0,1.0
53,0.15,both,80,50,0.8875,3.6,0.02,0.03333333333333333,0.975
53,0.15,all,321,150,0.9065420560747663,3.7320872274143304,0.013333333333333334,0.07017543859649122,0.956386292834891
54,0.05,derm,318,91,0.9874213836477987,5.959119496855346,0.0,0.0,1.0
54,0.05,clin,15,10,1.0,6.466666666666667,0.0,0.0,1.0
54,0.05,both,80,50,0.9125,6.1875,0.0,0.0,1.0
54,0.05,all,413,151,0.9733656174334141,6.021791767554479,0.0,0.0,1.0
54,0.1,derm,318,91,0.9654088050314465,4.462264150943396,0.0,0.00881057268722467,0.9937106918238994
54,0.1,clin,15,10,0.8666666666666667,4.4,0.0,0.0,1.0
54,0.1,both,80,50,0.85,4.525,0.0,0.0,1.0
54,0.1,all,413,151,0.9394673123486683,4.472154963680388,0.0,0.007633587786259542,0.9951573849878934
54,0.15,derm,318,91,0.940251572327044,3.3773584905660377,0.01098901098901099,0.15859030837004406,0.8836477987421384
54,0.15,clin,15,10,0.8666666666666667,3.2666666666666666,0.0,0.0,1.0
54,0.15,both,80,50,0.7875,3.5875,0.02,0.0,0.9875
54,0.15,all,413,151,0.9079903147699758,3.414043583535109,0.013245033112582781,0.13740458015267176,0.9079903147699758
55,0.05,derm,265,85,0.9773584905660377,5.184905660377359,0.0,0.0,1.0
55,0.05,clin,19,11,0.7894736842105263,5.2105263157894735,0.0,0.0,1.0
55,0.05,both,95,63,0.9263157894736842,5.484210526315789,0.0,0.0,1.0
55,0.05,all,379,159,0.9551451187335093,5.261213720316623,0.0,0.0,1.0
55,0.1,derm,265,85,0.9320754716981132,3.7132075471698114,0.03529411764705882,0.09444444444444444,0.9245283018867925
55,0.1,clin,19,11,0.6842105263157895,3.5789473684210527,0.0,0.0,1.0
55,0.1,both,95,63,0.8631578947368421,3.8,0.015873015873015872,0.0,0.9894736842105263
55,0.1,all,379,159,0.9023746701846965,3.728232189973615,0.025157232704402517,0.07727272727272727,0.9445910290237467
55,0.15,derm,265,85,0.8905660377358491,2.8377358490566036,0.058823529411764705,0.3611111111111111,0.7358490566037735
55,0.15,clin,19,11,0.5789473684210527,2.8947368421052633,0.0,0.0,1.0
55,0.15,both,95,63,0.8105263157894737,3.1894736842105265,0.0,0.0625,0.9789473684210527
55,0.15,all,379,159,0.8548812664907651,2.928759894459103,0.031446540880503145,0.30454545454545456,0.8100263852242744
56,0.05,derm,223,84,0.9955156950672646,6.42152466367713,0.0,0.0,1.0
56,0.05,clin,15,10,0.9333333333333333,6.2,0.0,0.0,1.0
56,0.05,both,81,53,0.9506172839506173,6.407407407407407,0.0,0.0,1.0
56,0.05,all,319,147,0.9811912225705329,6.407523510971787,0.0,0.0,1.0
56,0.1,derm,223,84,0.9551569506726457,4.403587443946188,0.011904761904761904,0.05755395683453238,0.9596412556053812
56,0.1,clin,15,10,0.8666666666666667,4.0,0.0,0.0,1.0
56,0.1,both,81,53,0.8888888888888888,4.469135802469136,0.0,0.0,1.0
56,0.1,all,319,147,0.9341692789968652,4.401253918495298,0.006802721088435374,0.046511627906976744,0.9717868338557993
56,0.15,derm,223,84,0.9372197309417041,3.7399103139013454,0.011904761904761904,0.11510791366906475,0.9237668161434978
56,0.15,clin,15,10,0.7333333333333333,3.3333333333333335,0.0,0.0,1.0
56,0.15,both,81,53,0.8888888888888888,3.7901234567901234,0.0,0.0,1.0
56,0.15,all,319,147,0.9153605015673981,3.7335423197492164,0.006802721088435374,0.09302325581395349,0.9467084639498433
57,0.05,derm,324,92,0.9814814814814815,5.675925925925926,0.0,0.0,1.0
57,0.05,clin,10,7,0.9,5.3,0.0,0.0,1.0
57,0.05,both,81,53,0.9506172839506173,6.3580246913580245,0.0,0.0,1.0
57,0.05,all,415,152,0.9734939759036144,5.8,0.0,0.0,1.0
57,0.1,derm,324,92,0.9629629629629629,4.589506172839506,0.010869565217391304,0.004310344827586207,0.9938271604938271
57,0.1,clin,10,7,0.8,3.8,0.14285714285714285,0.0,0.9
57,0.1,both,81,53,0.9012345679012346,4.7407407407407405,0.0,0.0,1.0
57,0.1,all,415,152,0.946987951807229,4.6,0.013157894736842105,0.0038022813688212928,0.9927710843373494
57,0.15,derm,324,92,0.9382716049382716,3.361111111111111,0.021739130434782608,0.17672413793103448,0.8672839506172839
57,0.15,clin,10,7,0.8,3.2,0.14285714285714285,0.0,0.9
57,0.15,both,81,53,0.8395061728395061,3.6296296296296298,0.018867924528301886,0.0,0.9876543209876543
57,0.15,all,415,152,0.9156626506024096,3.4096385542168677,0.02631578947368421,0.155893536121673,0.891566265060241
58,0.05,derm,247,68,0.9878542510121457,5.647773279352227,0.0,0.0,1.0
58,0.05,clin,17,11,0.9411764705882353,5.352941176470588,0.0,0.0,1.0
58,0.05,both,98,60,0.9081632653061225,5.86734693877551,0.0,0.0,1.0
58,0.05,all,362,139,0.9640883977900553,5.693370165745856,0.0,0.0,1.0
58,0.1,derm,247,68,0.9838056680161943,4.040485829959514,0.0,0.0446927374301676,0.9676113360323887
58,0.1,clin,17,11,0.9411764705882353,3.8823529411764706,0.0,0.0,1.0
58,0.1,both,98,60,0.8979591836734694,4.428571428571429,0.0,0.0,1.0
58,0.1,all,362,139,0.9585635359116023,4.138121546961326,0.0,0.03587443946188341,0.9779005524861878
58,0.15,derm,247,68,0.9635627530364372,3.4615384615384617,0.0,0.15083798882681565,0.8906882591093117
58,0.15,clin,17,11,0.9411764705882353,3.0588235294117645,0.0,0.0,1.0
58,0.15,both,98,60,0.8775510204081632,3.857142857142857,0.0,0.02631578947368421,0.9897959183673469
58,0.15,all,362,139,0.9392265193370166,3.5497237569060776,0.0,0.12556053811659193,0.9226519337016574
59,0.05,derm,232,90,0.9956896551724138,5.719827586206897,0.0,0.0,1.0
59,0.05,clin,22,15,0.9090909090909091,5.909090909090909,0.0,0.0,1.0
59,0.05,both,75,57,0.96,6.306666666666667,0.0,0.0,1.0
59,0.05,all,329,162,0.9817629179331308,5.866261398176292,0.0,0.0,1.0
59,0.1,derm,232,90,0.9655172413793104,4.383620689655173,0.0,0.0,1.0
59,0.1,clin,22,15,0.8181818181818182,4.136363636363637,0.06666666666666667,0.0,0.9545454545454546
59,0.1,both,75,57,0.8933333333333333,4.68,0.0,0.0,1.0
59,0.1,all,329,162,0.939209726443769,4.434650455927052,0.006172839506172839,0.0,0.9969604863221885
59,0.15,derm,232,90,0.9353448275862069,3.086206896551724,0.011111111111111112,0.23943661971830985,0.8491379310344828
59,0.15,clin,22,15,0.6818181818181818,3.1363636363636362,0.06666666666666667,0.0,0.9545454545454546
59,0.15,both,75,57,0.7866666666666666,3.5733333333333333,0.03508771929824561,0.0,0.9733333333333334
59,0.15,all,329,162,0.8844984802431611,3.2006079027355625,0.024691358024691357,0.20359281437125748,0.8844984802431611
60,0.05,derm,196,74,0.9846938775510204,5.989795918367347,0.0,0.0,1.0
60,0.05,clin,20,10,0.95,5.6,0.0,0.0,1.0
60,0.05,both,80,53,0.95,5.9875,0.0,0.0,1.0
60,0.05,all,296,137,0.972972972972973,5.962837837837838,0.0,0.0,1.0
60,0.1,derm,196,74,0.9693877551020408,4.158163265306122,0.0,0.05737704918032787,0.9642857142857143
60,0.1,clin,20,10,0.85,4.0,0.1,0.0,0.95
60,0.1,both,80,53,0.925,4.375,0.0,0.0,1.0
60,0.1,all,296,137,0.9493243243243243,4.206081081081081,0.0072992700729927005,0.0440251572327044,0.972972972972973
60,0.15,derm,196,74,0.9285714285714286,3.336734693877551,0.013513513513513514,0.14754098360655737,0.9030612244897959
60,0.15,clin,20,10,0.85,3.05,0.1,0.0,0.95
60,0.15,both,80,53,0.9,3.575,0.0,0.037037037037037035,0.9875
60,0.15,all,296,137,0.9155405405405406,3.3817567567567566,0.014598540145985401,0.11949685534591195,0.9290540540540541
61,0.05,derm,193,83,0.9740932642487047,6.098445595854923,0.0,0.0,1.0
61,0.05,clin,11,7,0.7272727272727273,5.818181818181818,0.0,0.0,1.0
61,0.05,both,94,49,0.9574468085106383,6.329787234042553,0.0,0.0,1.0
61,0.05,all,298,139,0.959731543624161,6.1610738255033555,0.0,0.0,1.0
61,0.1,derm,193,83,0.927461139896373,4.5025906735751295,0.0,0.00909090909090909,0.9948186528497409
61,0.1,clin,11,7,0.7272727272727273,3.8181818181818183,0.0,0.0,1.0
61,0.1,both,94,49,0.8936170212765957,4.4787234042553195,0.0,0.0,1.0
61,0.1,all,298,139,0.9093959731543624,4.469798657718121,0.0,0.006289308176100629,0.9966442953020134
61,0.15,derm,193,83,0.8860103626943006,3.321243523316062,0.024096385542168676,0.10909090909090909,0.927461139896373
61,0.15,clin,11,7,0.5454545454545454,2.5454545454545454,0.14285714285714285,0.0,0.9090909090909091
61,0.15,both,94,49,0.8404255319148937,3.4361702127659575,0.0,0.0,1.0
61,0.15,all,298,139,0.8590604026845637,3.3288590604026846,0.02158273381294964,0.07547169811320754,0.9496644295302014
62,0.05,derm,219,95,0.954337899543379,5.392694063926941,0.0,0.0,1.0
62,0.05,clin,15,9,0.8,4.8,0.0,0.0,1.0
62,0.05,both,90,58,0.8888888888888888,5.6,0.0,0.0,1.0
62,0.05,all,324,162,0.9290123456790124,5.422839506172839,0.0,0.0,1.0
62,0.1,derm,219,95,0.908675799086758,4.036529680365297,0.010526315789473684,0.07258064516129033,0.954337899543379
62,0.1,clin,15,9,0.6666666666666666,3.533333333333333,0.0,0.0,1.0
62,0.1,both,90,58,0.8444444444444444,4.122222222222222,0.0,0.0,1.0
62,0.1,all,324,162,0.8796296296296297,4.037037037037037,0.006172839506172839,0.05555555555555555,0.9691358024691358
62,0.15,derm,219,95,0.8767123287671232,3.3607305936073057,0.031578947368421054,0.16129032258064516,0.8949771689497716
62,0.15,clin,15,9,0.5333333333333333,2.933333333333333,0.0,0.0,1.0
62,0.15,both,90,58,0.7777777777777778,3.611111111111111,0.0,0.0,1.0
62,0.15,all,324,162,0.8333333333333334,3.4104938271604937,0.018518518518518517,0.12345679012345678,0.9290123456790124
63,0.05,derm,251,81,1.0,6.155378486055777,0.0,0.0,1.0
63,0.05,clin,24,19,0.875,5.875,0.0,0.0,1.0
63,0.05,both,87,57,0.9310344827586207,6.264367816091954,0.0,0.0,1.0
63,0.05,all,362,157,0.9751381215469613,6.162983425414365,0.0,0.0,1.0
63,0.1,derm,251,81,0.9880478087649402,4.390438247011952,0.0,0.041176470588235294,0.9721115537848606
63,0.1,clin,24,19,0.7916666666666666,4.041666666666667,0.05263157894736842,0.0,0.9583333333333334
63,0.1,both,87,57,0.8735632183908046,4.344827586206897,0.0,0.0,1.0
63,0.1,all,362,157,0.9475138121546961,4.356353591160221,0.006369426751592357,0.03414634146341464,0.9779005524861878
63,0.15,derm,251,81,0.9243027888446215,3.235059760956175,0.0,0.21176470588235294,0.8565737051792829
63,0.15,clin,24,19,0.6666666666666666,2.9166666666666665,0.10526315789473684,0.0,0.9166666666666666
63,0.15,both,87,57,0.8275862068965517,3.4597701149425286,0.0,0.03333333333333333,0.9885057471264368
63,0.15,all,362,157,0.8839779005524862,3.2679558011049723,0.012738853503184714,0.18048780487804877,0.8922651933701657
64,0.05,derm,159,71,0.9559748427672956,5.59748427672956,0.0,0.0,1.0
64,0.05,clin,20,15,0.95,5.6,0.0,0.0,1.0
64,0.05,both,96,64,0.8958333333333334,5.822916666666667,0.0,0.0,1.0
64,0.05,all,275,150,0.9345454545454546,5.676363636363637,0.0,0.0,1.0
64,0.1,derm,159,71,0.8805031446540881,3.8050314465408803,0.04225352112676056,0.03409090909090909,0.9622641509433962
64,0.1,clin,20,15,0.85,4.05,0.0,0.0,1.0
64,0.1,both,96,64,0.8541666666666666,4.177083333333333,0.0,0.0,1.0
64,0.1,all,275,150,0.8690909090909091,3.9527272727272726,0.02,0.024,0.9781818181818182
64,0.15,derm,159,71,0.8427672955974843,3.106918238993711,0.07042253521126761,0.18181818181818182,0.8679245283018868
64,0.15,clin,20,15,0.7,3.3,0.0,0.0,1.0
64,0.15,both,96,64,0.8020833333333334,3.5208333333333335,0.015625,0.03125,0.9791666666666666
64,0.15,all,275,150,0.8181818181818182,3.2654545454545456,0.04,0.136,0.9163636363636364
65,0.05,derm,244,78,0.9918032786885246,6.14344262295082,0.0,0.0,1.0
65,0.05,clin,17,7,1.0,5.705882352941177,0.0,0.0,1.0
65,0.05,both,85,58,0.9764705882352941,6.541176470588235,0.0,0.0,1.0
65,0.05,all,346,143,0.9884393063583815,6.219653179190751,0.0,0.0,1.0
65,0.1,derm,244,78,0.9672131147540983,4.459016393442623,0.0,0.018072289156626505,0.9877049180327869
65,0.1,clin,17,7,0.8823529411764706,4.0588235294117645,0.0,0.0,1.0
65,0.1,both,85,58,0.9529411764705882,4.858823529411764,0.0,0.0,1.0
65,0.1,all,346,143,0.9595375722543352,4.53757225433526,0.0,0.014778325123152709,0.9913294797687862
65,0.15,derm,244,78,0.9631147540983607,3.5860655737704916,0.01282051282051282,0.14457831325301204,0.8975409836065574
65,0.15,clin,17,7,0.8235294117647058,3.5294117647058822,0.0,0.0,1.0
65,0.15,both,85,58,0.9411764705882353,4.08235294117647,0.0,0.037037037037037035,0.9882352941176471
65,0.15,all,346,143,0.9508670520231214,3.7052023121387285,0.006993006993006993,0.12315270935960591,0.9248554913294798
66,0.05,derm,246,83,0.9796747967479674,5.5772357723577235,0.0,0.0,1.0
66,0.05,clin,14,12,0.9285714285714286,6.142857142857143,0.0,0.0,1.0
66,0.05,both,82,57,0.9512195121951219,6.341463414634147,0.0,0.0,1.0
66,0.05,all,342,152,0.9707602339181286,5.783625730994152,0.0,0.0,1.0
66,0.1,derm,246,83,0.943089430894309,3.9227642276422765,0.0,0.06748466257668712,0.9552845528455285
66,0.1,clin,14,12,0.9285714285714286,4.0,0.0,0.0,1.0
66,0.1,both,82,57,0.9024390243902439,4.487804878048781,0.0,0.0,1.0
66,0.1,all,342,152,0.9327485380116959,4.06140350877193,0.0,0.05789473684210526,0.9678362573099415
66,0.15,derm,246,83,0.9105691056910569,3.0365853658536586,0.0,0.25153374233128833,0.8333333333333334
66,0.15,clin,14,12,0.7142857142857143,2.7142857142857144,0.08333333333333333,0.0,0.9285714285714286
66,0.15,both,82,57,0.8902439024390244,3.7804878048780486,0.0,0.04,0.9878048780487805
66,0.15,all,342,152,0.8976608187134503,3.2017543859649122,0.006578947368421052,0.22105263157894736,0.8742690058479532
67,0.05,derm,170,102,0.9941176470588236,5.9411764705882355,0.0,0.0,1.0
67,0.05,clin,18,12,0.9444444444444444,5.333333333333333,0.0,0.0,1.0
67,0.05,both,80,53,0.925,5.825,0.0,0.0,1.0
67,0.05,all,268,167,0.9701492537313433,5.865671641791045,0.0,0.0,1.0
67,0.1,derm,170,102,0.9058823529411765,4.264705882352941,0.029411764705882353,0.04411764705882353,0.9647058823529412
67,0.1,clin,18,12,0.8888888888888888,4.0,0.0,0.0,1.0
67,0.1,both,80,53,0.875,4.2625,0.0,0.0,1.0
67,0.1,all,268,167,0.8955223880597015,4.246268656716418,0.017964071856287425,0.0297029702970297,0.9776119402985075
67,0.15,derm,170,102,0.8647058823529412,3.2411764705882353,0.029411764705882353,0.11764705882352941,0.9352941176470588
67,0.15,clin,18,12,0.7222222222222222,2.7222222222222223,0.0,0.0,1.0
67,0.15,both,80,53,0.825,3.4375,0.0,0.037037037037037035,0.9875
67,0.15,all,268,167,0.8432835820895522,3.264925373134328,0.017964071856287425,0.0891089108910891,0.9552238805970149
68,0.05,derm,238,94,0.9873949579831933,6.079831932773109,0.0,0.0,1.0
68,0.05,clin,13,11,0.9230769230769231,6.076923076923077,0.0,0.0,1.0
68,0.05,both,75,61,0.9066666666666666,6.24,0.0,0.0,1.0
68,0.05,all,326,166,0.9662576687116564,6.116564417177914,0.0,0.0,1.0
68,0.1,derm,238,94,0.9831932773109243,4.529411764705882,0.0,0.05555555555555555,0.9663865546218487
68,0.1,clin,13,11,0.8461538461538461,4.461538461538462,0.0,0.0,1.0
68,0.1,both,75,61,0.8533333333333334,4.44,0.0,0.0,1.0
68,0.1,all,326,166,0.9478527607361963,4.506134969325154,0.0,0.05,0.9754601226993865
68,0.15,derm,238,94,0.9327731092436975,3.7815126050420167,0.0,0.125,0.9243697478991597
68,0.15,clin,13,11,0.7692307692307693,3.230769230769231,0.09090909090909091,0.0,0.9230769230769231
68,0.15,both,75,61,0.8266666666666667,3.6133333333333333,0.0,0.0,1.0
68,0.15,all,326,166,0.901840490797546,3.7208588957055215,0.006024096385542169,0.1125,0.941717791411043
69,0.05,derm,278,90,0.9964028776978417,6.0359712230215825,0.0,0.0,1.0
69,0.05,clin,18,13,0.8888888888888888,5.722222222222222,0.0,0.0,1.0
69,0.05,both,83,55,0.9156626506024096,6.421686746987952,0.0,0.0,1.0
69,0.05,all,379,158,0.9736147757255936,6.105540897097625,0.0,0.0,1.0
69,0.1,derm,278,90,0.9820143884892086,4.438848920863309,0.011111111111111112,0.005319148936170213,0.9928057553956835
69,0.1,clin,18,13,0.8333333333333334,3.9444444444444446,0.07692307692307693,0.0,0.9444444444444444
69,0.1,both,83,55,0.9036144578313253,4.433734939759036,0.0,0.0,1.0
69,0.1,all,379,158,0.9577836411609498,4.41424802110818,0.012658227848101266,0.004524886877828055,0.9920844327176781
69,0.15,derm,278,90,0.960431654676259,3.3597122302158273,0.03333333333333333,0.13297872340425532,0.8992805755395683
69,0.15,clin,18,13,0.7222222222222222,2.9444444444444446,0.07692307692307693,0.0,0.9444444444444444
69,0.15,both,83,55,0.8795180722891566,3.566265060240964,0.0,0.0,1.0
69,0.15,all,379,158,0.9313984168865436,3.3852242744063323,0.02531645569620253,0.11312217194570136,0.9234828496042217
70,0.05,derm,280,86,0.9821428571428571,5.575,0.0,0.0,1.0
70,0.05,clin,20,13,0.85,5.7,0.0,0.0,1.0
70,0.05,both,94,72,0.925531914893617,5.9361702127659575,0.0,0.0,1.0
70,0.05,all,394,171,0.9619289340101523,5.66751269035533,0.0,0.0,1.0
70,0.1,derm,280,86,0.9464285714285714,3.8892857142857142,0.011627906976744186,0.08247422680412371,0.9392857142857143
70,0.1,clin,20,13,0.8,3.8,0.0,0.0,1.0
70,0.1,both,94,72,0.8829787234042553,4.1063829787234045,0.0,0.0,1.0
70,0.1,all,394,171,0.9238578680203046,3.936548223350254,0.005847953216374269,0.07174887892376682,0.9568527918781726
70,0.15,derm,280,86,0.9214285714285714,3.025,0.011627906976744186,0.26288659793814434,0.8142857142857143
70,0.15,clin,20,13,0.75,3.35,0.0,0.0,1.0
70,0.15,both,94,72,0.8297872340425532,3.4893617021276597,0.013888888888888888,0.0,0.9893617021276596
70,0.15,all,394,171,0.8908629441624365,3.1522842639593907,0.011695906432748537,0.22869955156950672,0.8654822335025381
71,0.05,derm,286,77,0.986013986013986,5.573426573426573,0.0,0.0,1.0
71,0.05,clin,10,9,1.0,5.7,0.0,0.0,1.0
71,0.05,both,97,66,0.9381443298969072,6.11340206185567,0.0,0.0,1.0
71,0.05,all,393,152,0.9745547073791349,5.709923664122138,0.0,0.0,1.0
71,0.1,derm,286,77,0.972027972027972,4.27972027972028,0.0,0.0,1.0
71,0.1,clin,10,9,1.0,4.5,0.0,0.0,1.0
71,0.1,both,97,66,0.9175257731958762,4.814432989690721,0.0,0.0,1.0
71,0.1,all,393,152,0.9592875318066157,4.417302798982188,0.0,0.0,1.0
71,0.15,derm,286,77,0.9475524475524476,3.1818181818181817,0.0,0.19138755980861244,0.8601398601398601
71,0.15,clin,10,9,0.9,3.1,0.0,0.0,1.0
71,0.15,both,97,66,0.8969072164948454,3.731958762886598,0.030303030303030304,0.0,0.979381443298969
71,0.15,all,393,152,0.9338422391857506,3.3155216284987277,0.013157894736842105,0.16597510373443983,0.8931297709923665
72,0.05,derm,220,93,0.9863636363636363,6.113636363636363,0.0,0.0,1.0
72,0.05,clin,15,14,0.9333333333333333,5.933333333333334,0.0,0.0,1.0
72,0.05,both,100,72,0.96,6.28,0.0,0.0,1.0
72,0.05,all,335,179,0.9761194029850746,6.155223880597015,0.0,0.0,1.0
72,0.1,derm,220,93,0.9590909090909091,4.486363636363636,0.010752688172043012,0.007874015748031496,0.990909090909091
72,0.1,clin,15,14,0.8666666666666667,3.933333333333333,0.07142857142857142,0.0,0.9333333333333333
72,0.1,both,100,72,0.93,4.71,0.0,0.0,1.0
72,0.1,all,335,179,0.9462686567164179,4.528358208955224,0.0111731843575419,0.00641025641025641,0.991044776119403
72,0.15,derm,220,93,0.9136363636363637,3.359090909090909,0.03225806451612903,0.2125984251968504,0.8636363636363636
72,0.15,clin,15,14,0.8666666666666667,3.2666666666666666,0.07142857142857142,0.0,0.9333333333333333
72,0.15,both,100,72,0.88,3.62,0.041666666666666664,0.03571428571428571,0.96
72,0.15,all,335,179,0.9014925373134328,3.4328358208955225,0.03910614525139665,0.1794871794871795,0.8955223880597015
73,0.05,derm,235,85,1.0,6.076595744680851,0.0,0.0,1.0
73,0.05,clin,16,11,0.875,6.4375,0.0,0.0,1.0
73,0.05,both,93,60,0.956989247311828,6.268817204301075,0.0,0.0,1.0
73,0.05,all,344,156,0.9825581395348837,6.145348837209302,0.0,0.0,1.0
73,0.1,derm,235,85,0.9702127659574468,4.548936170212766,0.0,0.006666666666666667,0.9957446808510638
73,0.1,clin,16,11,0.8125,4.4375,0.0,0.0,1.0
73,0.1,both,93,60,0.9139784946236559,4.526881720430108,0.0,0.0,1.0
73,0.1,all,344,156,0.9476744186046512,4.537790697674419,0.0,0.005319148936170213,0.997093023255814
73,0.15,derm,235,85,0.9276595744680851,3.3404255319148937,0.011764705882352941,0.16666666666666666,0.8893617021276595
73,0.15,clin,16,11,0.75,3.125,0.09090909090909091,0.0,0.9375
73,0.15,both,93,60,0.8494623655913979,3.5268817204301075,0.016666666666666666,0.0,0.989247311827957
73,0.15,all,344,156,0.8982558139534884,3.380813953488372,0.019230769230769232,0.13297872340425532,0.9186046511627907
74,0.05,derm,249,90,0.9959839357429718,6.180722891566265,0.0,0.0,1.0
74,0.05,clin,17,13,1.0,6.588235294117647,0.0,0.0,1.0
74,0.05,both,84,64,0.9404761904761905,6.523809523809524,0.0,0.0,1.0
74,0.05,all,350,167,0.9828571428571429,6.282857142857143,0.0,0.0,1.0
74,0.1,derm,249,90,0.9477911646586346,4.289156626506024,0.011111111111111112,0.018867924528301886,0.9839357429718876
74,0.1,clin,17,13,0.8823529411764706,4.117647058823529,0.07692307692307693,0.0,0.9411764705882353
74,0.1,both,84,64,0.8690476190476191,4.607142857142857,0.0,0.0,1.0
74,0.1,all,350,167,0.9257142857142857,4.357142857142857,0.011976047904191617,0.01639344262295082,0.9857142857142858
74,0.15,derm,249,90,0.9076305220883534,3.253012048192771,0.03333333333333333,0.15723270440251572,0.8875502008032129
74,0.15,clin,17,13,0.8235294117647058,2.9411764705882355,0.07692307692307693,0.0,0.9411764705882353
74,0.15,both,84,64,0.8333333333333334,3.7976190476190474,0.015625,0.0,0.9880952380952381
74,0.15,all,350,167,0.8857142857142857,3.3685714285714288,0.029940119760479042,0.1366120218579235,0.9142857142857143
75,0.05,derm,214,72,0.9813084112149533,6.098130841121495,0.0,0.0,1.0
75,0.05,clin,20,17,0.95,6.15,0.0,0.0,1.0
75,0.05,both,68,47,0.9705882352941176,6.426470588235294,0.0,0.0,1.0
75,0.05,all,302,136,0.9768211920529801,6.175496688741722,0.0,0.0,1.0
75,0.1,derm,214,72,0.9158878504672897,3.939252336448598,0.027777777777777776,0.06338028169014084,0.9485981308411215
75,0.1,clin,20,17,0.85,4.05,0.0,0.0,1.0
75,0.1,both,68,47,0.9117647058823529,4.279411764705882,0.0,0.0,1.0
75,0.1,all,302,136,0.9105960264900662,4.02317880794702,0.014705882352941176,0.05421686746987952,0.9635761589403974
75,0.15,derm,214,72,0.883177570093458,3.1542056074766354,0.027777777777777776,0.19718309859154928,0.8598130841121495
75,0.15,clin,20,17,0.75,3.2,0.0,0.0,1.0
75,0.15,both,68,47,0.8382352941176471,3.676470588235294,0.02127659574468085,0.047619047619047616,0.9705882352941176
75,0.15,all,302,136,0.8642384105960265,3.274834437086093,0.022058823529411766,0.1746987951807229,0.8940397350993378
76,0.05,derm,213,92,0.9953051643192489,6.563380281690141,0.0,0.0,1.0
76,0.05,clin,16,9,1.0,6.5,0.0,0.0,1.0
76,0.05,both,86,59,0.9534883720930233,6.872093023255814,0.0,0.0,1.0
76,0.05,all,315,160,0.9841269841269841,6.644444444444445,0.0,0.0,1.0
76,0.1,derm,213,92,0.9577464788732394,4.511737089201878,0.0,0.024793388429752067,0.9859154929577465
76,0.1,clin,16,9,0.875,4.25,0.1111111111111111,0.0,0.9375
76,0.1,both,86,59,0.9069767441860465,4.534883720930233,0.0,0.0,1.0
76,0.1,all,315,160,0.9396825396825397,4.504761904761905,0.00625,0.01935483870967742,0.9873015873015873
76,0.15,derm,213,92,0.9342723004694836,3.4694835680751175,0.010869565217391304,0.21487603305785125,0.8732394366197183
76,0.15,clin,16,9,0.8125,3.1875,0.2222222222222222,0.0,0.875
76,0.15,both,86,59,0.8604651162790697,3.697674418604651,0.03389830508474576,0.0,0.9767441860465116
76,0.15,all,315,160,0.9079365079365079,3.5174603174603174,0.03125,0.16774193548387098,0.9015873015873016
77,0.05,derm,238,73,0.9915966386554622,5.983193277310924,0.0,0.0,1.0
77,0.05,clin,20,13,0.95,5.7,0.0,0.0,1.0
77,0.05,both,73,43,0.958904109589041,6.232876712328767,0.0,0.0,1.0
77,0.05,all,331,129,0.9818731117824774,6.021148036253776,0.0,0.0,1.0
77,0.1,derm,238,73,0.957983193277311,3.9411764705882355,0.0273972602739726,0.09090909090909091,0.9285714285714286
77,0.1,clin,20,13,0.7,3.35,0.07692307692307693,0.0,0.95
77,0.1,both,73,43,0.8767123287671232,4.2465753424657535,0.0,0.0,1.0
77,0.1,all,331,129,0.9244712990936556,3.972809667673716,0.023255813953488372,0.07425742574257425,0.945619335347432
77,0.15,derm,238,73,0.9159663865546218,3.1092436974789917,0.0410958904109589,0.18181818181818182,0.8613445378151261
77,0.15,clin,20,13,0.65,2.9,0.07692307692307693,0.0,0.95
77,0.15,both,73,43,0.821917808219178,3.547945205479452,0.0,0.0,1.0
77,0.15,all,331,129,0.879154078549849,3.193353474320242,0.031007751937984496,0.1485148514851485,0.8972809667673716
78,0.05,derm,280,80,0.9928571428571429,6.242857142857143,0.0,0.0,1.0
78,0.05,clin,17,10,0.9411764705882353,6.529411764705882,0.0,0.0,1.0
78,0.05,both,80,57,0.9875,6.725,0.0,0.0,1.0
78,0.05,all,377,147,0.9893899204244032,6.358090185676392,0.0,0.0,1.0
78,0.1,derm,280,80,0.9642857142857143,3.8214285714285716,0.0,0.065,0.9535714285714286
78,0.1,clin,17,10,0.8823529411764706,4.0,0.0,0.0,1.0
78,0.1,both,80,57,0.9375,4.375,0.0,0.0,1.0
78,0.1,all,377,147,0.9549071618037135,3.946949602122016,0.0,0.05652173913043478,0.9655172413793104
78,0.15,derm,280,80,0.95,3.2285714285714286,0.0,0.19,0.8642857142857143
78,0.15,clin,17,10,0.8235294117647058,3.2941176470588234,0.0,0.0,1.0
78,0.15,both,80,57,0.9125,3.875,0.0,0.0,1.0
78,0.15,all,377,147,0.9363395225464191,3.3687002652519893,0.0,0.16521739130434782,0.8992042440318302
79,0.05,derm,261,86,0.9770114942528736,5.283524904214559,0.0,0.0,1.0
79,0.05,clin,13,10,1.0,5.153846153846154,0.0,0.0,1.0
79,0.05,both,76,53,0.881578947368421,5.7105263157894735,0.0,0.0,1.0
79,0.05,all,350,149,0.9571428571428572,5.371428571428571,0.0,0.0,1.0
79,0.1,derm,261,86,0.9425287356321839,3.8160919540229883,0.023255813953488372,0.06857142857142857,0.946360153256705
79,0.1,clin,13,10,0.8461538461538461,4.0,0.0,0.0,1.0
79,0.1,both,76,53,0.8552631578947368,4.4868421052631575,0.0,0.0,1.0
79,0.1,all,350,149,0.92,3.9685714285714284,0.013422818791946308,0.05970149253731343,0.96
79,0.15,derm,261,86,0.9157088122605364,3.1187739463601534,0.023255813953488372,0.18857142857142858,0.8659003831417624
79,0.15,clin,13,10,0.7692307692307693,3.1538461538461537,0.0,0.0,1.0
79,0.15,both,76,53,0.8289473684210527,3.736842105263158,0.018867924528301886,0.0,0.9868421052631579
79,0.15,all,350,149,0.8914285714285715,3.2542857142857144,0.020134228187919462,0.16417910447761194,0.8971428571428571
80,0.05,derm,284,75,0.9964788732394366,5.98943661971831,0.0,0.0,1.0
80,0.05,clin,20,17,0.9,5.35,0.0,0.0,1.0
80,0.05,both,75,41,0.9066666666666666,5.88,0.0,0.0,1.0
80,0.05,all,379,133,0.9736147757255936,5.934036939313984,0.0,0.0,1.0
80,0.1,derm,284,75,0.9753521126760564,4.313380281690141,0.0,0.028708133971291867,0.9788732394366197
80,0.1,clin,20,17,0.85,3.8,0.058823529411764705,0.0,0.95
80,0.1,both,75,41,0.8666666666666667,4.1466666666666665,0.0,0.0,1.0
80,0.1,all,379,133,0.9472295514511874,4.253298153034301,0.007518796992481203,0.024390243902439025,0.9815303430079155
80,0.15,derm,284,75,0.9436619718309859,3.609154929577465,0.0,0.12440191387559808,0.9084507042253521
80,0.15,clin,20,17,0.85,3.1,0.058823529411764705,0.0,0.95
80,0.15,both,75,41,0.84,3.72,0.0,0.0,1.0
80,0.15,all,379,133,0.9182058047493403,3.604221635883905,0.007518796992481203,0.10569105691056911,0.9287598944591029
81,0.05,derm,281,82,0.9857651245551602,5.398576512455516,0.0,0.0,1.0
81,0.05,clin,18,14,0.7777777777777778,4.5,0.0,0.0,1.0
81,0.05,both,69,44,0.8695652173913043,5.434782608695652,0.0,0.0,1.0
81,0.05,all,368,140,0.9538043478260869,5.361413043478261,0.0,0.0,1.0
81,0.1,derm,281,82,0.9395017793594306,3.8576512455516014,0.012195121951219513,0.06532663316582915,0.9501779359430605
81,0.1,clin,18,14,0.6111111111111112,3.2222222222222223,0.07142857142857142,0.0,0.9444444444444444
81,0.1,both,69,44,0.855072463768116,4.101449275362318,0.0,0.0,1.0
81,0.1,all,368,140,0.907608695652174,3.8722826086956523,0.014285714285714285,0.05701754385964912,0.9592391304347826
81,0.15,derm,281,82,0.9039145907473309,2.96085409252669,0.024390243902439025,0.2613065326633166,0.8078291814946619
81,0.15,clin,18,14,0.5555555555555556,2.7222222222222223,0.07142857142857142,0.0,0.9444444444444444
81,0.15,both,69,44,0.8405797101449275,3.5217391304347827,0.0,0.04,0.9855072463768116
81,0.15,all,368,140,0.875,3.0543478260869565,0.02142857142857143,0.2324561403508772,0.8478260869565217
82,0.05,derm,220,83,0.9863636363636363,5.877272727272727,0.0,0.0,1.0
82,0.05,clin,18,10,0.8333333333333334,6.055555555555555,0.0,0.0,1.0
82,0.05,both,82,53,0.926829268292683,5.841463414634147,0.0,0.0,1.0
82,0.05,all,320,146,0.9625,5.878125,0.0,0.0,1.0
82,0.1,derm,220,83,0.9454545454545454,4.054545454545455,0.012048192771084338,0.058394160583941604,0.9590909090909091
82,0.1,clin,18,10,0.7777777777777778,3.7222222222222223,0.0,0.0,1.0
82,0.1,both,82,53,0.8902439024390244,4.2073170731707314,0.0,0.0,1.0
82,0.1,all,320,146,0.921875,4.075,0.00684931506849315,0.04597701149425287,0.971875
82,0.15,derm,220,83,0.9227272727272727,3.3454545454545452,0.024096385542168676,0.15328467153284672,0.8954545454545455
82,0.15,clin,18,10,0.6666666666666666,2.888888888888889,0.1,0.0,0.9444444444444444
82,0.15,both,82,53,0.8536585365853658,3.573170731707317,0.03773584905660377,0.034482758620689655,0.9634146341463414
82,0.15,all,320,146,0.890625,3.378125,0.03424657534246575,0.12643678160919541,0.915625
83,0.05,derm,199,90,0.9899497487437185,6.28140703517588,0.0,0.0,1.0
83,0.05,clin,19,10,1.0,5.842105263157895,0.0,0.0,1.0
83,0.05,both,88,54,0.9545454545454546,6.170454545454546,0.0,0.0,1.0
83,0.05,all,306,154,0.9803921568627451,6.222222222222222,0.0,0.0,1.0
83,0.1,derm,199,90,0.9597989949748744,4.407035175879397,0.022222222222222223,0.06422018348623854,0.9547738693467337
83,0.1,clin,19,10,0.9473684210526315,3.8947368421052633,0.1,0.0,0.9473684210526315
83,0.1,both,88,54,0.8863636363636364,4.204545454545454,0.0,0.0,1.0
83,0.1,all,306,154,0.9379084967320261,4.316993464052287,0.01948051948051948,0.046052631578947366,0.9673202614379085
83,0.15,derm,199,90,0.9346733668341709,3.758793969849246,0.022222222222222223,0.1559633027522936,0.9045226130653267
83,0.15,clin,19,10,0.8947368421052632,3.210526315789474,0.1,0.0,0.9473684210526315
83,0.15,both,88,54,0.875,3.6363636363636362,0.0,0.029411764705882353,0.9886363636363636
83,0.15,all,306,154,0.9150326797385621,3.689542483660131,0.01948051948051948,0.11842105263157894,0.9313725490196079
84,0.05,derm,232,75,0.9655172413793104,5.370689655172414,0.0,0.0,1.0
84,0.05,clin,7,4,1.0,4.285714285714286,0.0,0.0,1.0
84,0.05,both,93,62,0.8602150537634409,5.645161290322581,0.0,0.0,1.0
84,0.05,all,332,141,0.9367469879518072,5.424698795180723,0.0,0.0,1.0
84,0.1,derm,232,75,0.9267241379310345,3.9224137931034484,0.0,0.08280254777070063,0.9439655172413793
84,0.1,clin,7,4,0.8571428571428571,3.4285714285714284,0.0,0.0,1.0
84,0.1,both,93,62,0.7956989247311828,4.139784946236559,0.0,0.0,1.0
84,0.1,all,332,141,0.8885542168674698,3.9728915662650603,0.0,0.06806282722513089,0.9608433734939759
84,0.15,derm,232,75,0.8793103448275862,3.1077586206896552,0.0,0.17834394904458598,0.8793103448275862
84,0.15,clin,7,4,0.8571428571428571,3.0,0.0,0.0,1.0
84,0.15,both,93,62,0.7634408602150538,3.5806451612903225,0.016129032258064516,0.03225806451612903,0.978494623655914
84,0.15,all,332,141,0.8463855421686747,3.2379518072289155,0.0070921985815602835,0.1518324607329843,0.9096385542168675
85,0.05,derm,227,96,1.0,6.140969162995595,0.0,0.0,1.0
85,0.05,clin,13,9,1.0,6.538461538461538,0.0,0.0,1.0
85,0.05,both,75,53,0.9333333333333333,6.333333333333333,0.0,0.0,1.0
85,0.05,all,315,158,0.9841269841269841,6.203174603174603,0.0,0.0,1.0
85,0.1,derm,227,96,0.9427312775330396,3.907488986784141,0.0,0.11450381679389313,0.933920704845815
85,0.1,clin,13,9,0.8461538461538461,4.153846153846154,0.0,0.0,1.0
85,0.1,both,75,53,0.8533333333333334,4.24,0.0,0.0,1.0
85,0.1,all,315,158,0.9174603174603174,3.996825396825397,0.0,0.09554140127388536,0.9523809523809523
85,0.15,derm,227,96,0.9074889867841409,3.20704845814978,0.0,0.2595419847328244,0.8502202643171806
85,0.15,clin,13,9,0.8461538461538461,3.1538461538461537,0.0,0.0,1.0
85,0.15,both,75,53,0.8133333333333334,3.6266666666666665,0.018867924528301886,0.0,0.9866666666666667
85,0.15,all,315,158,0.8825396825396825,3.3047619047619046,0.006329113924050633,0.21656050955414013,0.8888888888888888
86,0.05,derm,307,75,0.9771986970684039,5.472312703583062,0.0,0.0,1.0
86,0.05,clin,22,19,0.9545454545454546,5.181818181818182,0.0,0.0,1.0
86,0.05,both,94,67,0.9042553191489362,5.702127659574468,0.0,0.0,1.0
86,0.05,all,423,161,0.9598108747044918,5.508274231678487,0.0,0.0,1.0
86,0.1,derm,307,75,0.9576547231270358,3.8697068403908794,0.013333333333333334,0.06465517241379311,0.9478827361563518
86,0.1,clin,22,19,0.8636363636363636,3.8636363636363638,0.05263157894736842,0.0,0.9545454545454546
86,0.1,both,94,67,0.8936170212765957,4.340425531914893,0.0,0.0,1.0
86,0.1,all,423,161,0.9385342789598109,3.9739952718676124,0.012422360248447204,0.05725190839694656,0.9598108747044918
86,0.15,derm,307,75,0.9283387622149837,2.8925081433224755,0.02666666666666667,0.28448275862068967,0.7785016286644951
86,0.15,clin,22,19,0.7272727272727273,2.9545454545454546,0.05263157894736842,0.0,0.9545454545454546
86,0.15,both,94,67,0.8723404255319149,3.6702127659574466,0.014925373134328358,0.0,0.9893617021276596
86,0.15,all,423,161,0.9054373522458629,3.0685579196217496,0.024844720496894408,0.25190839694656486,0.83451536643026
87,0.05,derm,209,84,0.9856459330143541,6.253588516746412,0.0,0.0,1.0
87,0.05,clin,19,14,0.8421052631578947,6.2631578947368425,0.0,0.0,1.0
87,0.05,both,90,65,0.9555555555555556,6.4,0.0,0.0,1.0
87,0.05,all,318,163,0.9685534591194969,6.29559748427673,0.0,0.0,1.0
87,0.1,derm,209,84,0.9617224880382775,4.45933014354067,0.0,0.024,0.9856459330143541
87,0.1,clin,19,14,0.7894736842105263,4.2105263157894735,0.0,0.0,1.0
87,0.1,both,90,65,0.8888888888888888,4.544444444444444,0.0,0.0,1.0
87,0.1,all,318,163,0.9308176100628931,4.468553459119497,0.0,0.01935483870967742,0.9905660377358491
87,0.15,derm,209,84,0.9282296650717703,3.4832535885167464,0.0,0.12,0.9282296650717703
87,0.15,clin,19,14,0.6842105263157895,3.3684210526315788,0.0,0.0,1.0
87,0.15,both,90,65,0.8555555555555555,3.8,0.0,0.0,1.0
87,0.15,all,318,163,0.8930817610062893,3.5660377358490565,0.0,0.0967741935483871,0.9528301886792453
88,0.05,derm,193,66,1.0,5.953367875647668,0.0,0.0,1.0
88,0.05,clin,21,16,0.9523809523809523,5.761904761904762,0.0,0.0,1.0
88,0.05,both,92,59,0.9130434782608695,6.0,0.0,0.0,1.0
88,0.05,all,306,141,0.9705882352941176,5.954248366013072,0.0,0.0,1.0
88,0.1,derm,193,66,0.9430051813471503,3.860103626943005,0.0,0.09448818897637795,0.9378238341968912
88,0.1,clin,21,16,0.8571428571428571,4.095238095238095,0.0625,0.0,0.9523809523809523
88,0.1,both,92,59,0.8804347826086957,4.1521739130434785,0.0,0.0,1.0
88,0.1,all,306,141,0.9183006535947712,3.9640522875816995,0.0070921985815602835,0.07272727272727272,0.9575163398692811
88,0.15,derm,193,66,0.9067357512953368,3.150259067357513,0.015151515151515152,0.1732283464566929,0.8808290155440415
88,0.15,clin,21,16,0.8095238095238095,3.2857142857142856,0.0625,0.0,0.9523809523809523
88,0.15,both,92,59,0.8586956521739131,3.5760869565217392,0.01694915254237288,0.0,0.9891304347826086
88,0.15,all,306,141,0.8856209150326797,3.287581699346405,0.02127659574468085,0.13333333333333333,0.9183006535947712
89,0.05,derm,239,92,0.9748953974895398,5.899581589958159,0.0,0.0,1.0
89,0.05,clin,13,10,0.9230769230769231,4.846153846153846,0.0,0.0,1.0
89,0.05,both,76,46,0.9342105263157895,5.723684210526316,0.0,0.0,1.0
89,0.05,all,328,148,0.9634146341463414,5.817073170731708,0.0,0.0,1.0
89,0.1,derm,239,92,0.9497907949790795,4.2092050209205025,0.0,0.10204081632653061,0.9372384937238494
89,0.1,clin,13,10,0.7692307692307693,3.230769230769231,0.0,0.0,1.0
89,0.1,both,76,46,0.8947368421052632,4.302631578947368,0.0,0.0,1.0
89,0.1,all,328,148,0.9298780487804879,4.192073170731708,0.0,0.08333333333333333,0.9542682926829268
89,0.15,derm,239,92,0.9163179916317992,3.4728033472803346,0.021739130434782608,0.1836734693877551,0.8786610878661087
89,0.15,clin,13,10,0.7692307692307693,2.5384615384615383,0.0,0.0,1.0
89,0.15,both,76,46,0.868421052631579,3.6447368421052633,0.0,0.06666666666666667,0.9736842105263158
89,0.15,all,328,148,0.899390243902439,3.475609756097561,0.013513513513513514,0.16111111111111112,0.9054878048780488
90,0.05,derm,242,83,0.9834710743801653,5.917355371900826,0.0,0.0,1.0
90,0.05,clin,11,7,0.9090909090909091,6.545454545454546,0.0,0.0,1.0
90,0.05,both,85,63,0.9058823529411765,5.882352941176471,0.0,0.0,1.0
90,0.05,all,338,153,0.9615384615384616,5.928994082840236,0.0,0.0,1.0
90,0.1,derm,242,83,0.9710743801652892,4.285123966942149,0.0,0.025157232704402517,0.9834710743801653
90,0.1,clin,11,7,0.8181818181818182,4.0,0.0,0.0,1.0
90,0.1,both,85,63,0.8823529411764706,4.258823529411765,0.0,0.0,1.0
90,0.1,all,338,153,0.9437869822485208,4.269230769230769,0.0,0.021621621621621623,0.9881656804733728
90,0.15,derm,242,83,0.9256198347107438,3.6818181818181817,0.0,0.06918238993710692,0.9545454545454546
90,0.15,clin,11,7,0.8181818181818182,3.090909090909091,0.0,0.0,1.0
90,0.15,both,85,63,0.8705882352941177,3.611764705882353,0.0,0.0,1.0
90,0.15,all,338,153,0.908284023668639,3.6449704142011834,0.0,0.05945945945945946,0.9674556213017751
91,0.05,derm,260,78,0.9807692307692307,6.042307692307692,0.0,0.0,1.0
91,0.05,clin,19,12,0.9473684210526315,5.894736842105263,0.0,0.0,1.0
91,0.05,both,87,57,0.9425287356321839,6.275862068965517,0.0,0.0,1.0
91,0.05,all,366,147,0.9699453551912568,6.090163934426229,0.0,0.0,1.0
91,0.1,derm,260,78,0.9461538461538461,4.015384615384615,0.038461538461538464,0.04395604395604396,0.9576923076923077
91,0.1,clin,19,12,0.8947368421052632,4.2105263157894735,0.0,0.0,1.0
91,0.1,both,87,57,0.9080459770114943,4.379310344827586,0.0,0.0,1.0
91,0.1,all,366,147,0.9344262295081968,4.112021857923497,0.02040816326530612,0.0365296803652968,0.9699453551912568
91,0.15,derm,260,78,0.9076923076923077,3.1192307692307693,0.038461538461538464,0.15384615384615385,0.8807692307692307
91,0.15,clin,19,12,0.8421052631578947,3.4210526315789473,0.0,0.0,1.0
91,0.15,both,87,57,0.8735632183908046,3.7471264367816093,0.017543859649122806,0.0,0.9885057471264368
91,0.15,all,366,147,0.8961748633879781,3.2841530054644807,0.027210884353741496,0.1278538812785388,0.912568306010929
92,0.05,derm,289,80,1.0,6.311418685121107,0.0,0.0,1.0
92,0.05,clin,16,10,0.9375,6.3125,0.0,0.0,1.0
92,0.05,both,87,64,0.9770114942528736,6.666666666666667,0.0,0.0,1.0
92,0.05,all,392,154,0.9923469387755102,6.39030612244898,0.0,0.0,1.0
92,0.1,derm,289,80,0.9757785467128027,4.529411764705882,0.0125,0.004784688995215311,0.9930795847750865
92,0.1,clin,16,10,0.875,4.4375,0.0,0.0,1.0
92,0.1,both,87,64,0.9425287356321839,4.7011494252873565,0.0,0.0,1.0
92,0.1,all,392,154,0.9642857142857143,4.563775510204081,0.006493506493506494,0.004201680672268907,0.9948979591836735
92,0.15,derm,289,80,0.972318339100346,3.7716262975778547,0.025,0.07655502392344497,0.9377162629757786
92,0.15,clin,16,10,0.875,3.6875,0.0,0.0,1.0
92,0.15,both,87,64,0.9310344827586207,3.954022988505747,0.0,0.043478260869565216,0.9885057471264368
92,0.15,all,392,154,0.9591836734693877,3.808673469387755,0.012987012987012988,0.07142857142857142,0.951530612244898
93,0.05,derm,241,86,0.983402489626556,5.842323651452282,0.0,0.0,1.0
93,0.05,clin,15,8,1.0,4.866666666666666,0.0,0.0,1.0
93,0.05,both,77,51,0.8961038961038961,5.87012987012987,0.0,0.0,1.0
93,0.05,all,333,145,0.963963963963964,5.804804804804805,0.0,0.0,1.0
93,0.1,derm,241,86,0.950207468879668,4.161825726141079,0.023255813953488372,0.05161290322580645,0.9585062240663901
93,0.1,clin,15,8,0.8666666666666667,3.466666666666667,0.125,0.0,0.9333333333333333
93,0.1,both,77,51,0.8441558441558441,4.0519480519480515,0.0,0.0,1.0
93,0.1,all,333,145,0.9219219219219219,4.105105105105105,0.020689655172413793,0.0425531914893617,0.9669669669669669
93,0.15,derm,241,86,0.921161825726141,3.3029045643153525,0.023255813953488372,0.15483870967741936,0.8921161825726142
93,0.15,clin,15,8,0.7333333333333333,2.7333333333333334,0.125,0.0,0.9333333333333333
93,0.15,both,77,51,0.8311688311688312,3.5714285714285716,0.0,0.07692307692307693,0.974025974025974
93,0.15,all,333,145,0.8918918918918919,3.339339339339339,0.020689655172413793,0.13829787234042554,0.9129129129129129
94,0.05,derm,227,89,0.9823788546255506,5.753303964757709,0.0,0.0,1.0
94,0.05,clin,15,12,0.8666666666666667,5.0,0.0,0.0,1.0
94,0.05,both,74,45,0.9054054054054054,6.04054054054054,0.0,0.0,1.0
94,0.05,all,316,146,0.9588607594936709,5.784810126582278,0.0,0.0,1.0
94,0.1,derm,227,89,0.9515418502202643,4.185022026431718,0.0,0.07971014492753623,0.9515418502202643
94,0.1,clin,15,12,0.8,3.8,0.0,0.0,1.0
94,0.1,both,74,45,0.8918918918918919,4.554054054054054,0.0,0.0,1.0
94,0.1,all,316,146,0.930379746835443,4.253164556962025,0.0,0.06470588235294118,0.9651898734177216
94,0.15,derm,227,89,0.8986784140969163,3.039647577092511,0.011235955056179775,0.17391304347826086,0.8898678414096917
94,0.15,clin,15,12,0.6,2.8,0.08333333333333333,0.0,0.9333333333333333
94,0.15,both,74,45,0.7972972972972973,3.5675675675675675,0.044444444444444446,0.0,0.972972972972973
94,0.15,all,316,146,0.8607594936708861,3.151898734177215,0.0273972602739726,0.1411764705882353,0.9113924050632911
95,0.05,derm,199,95,0.9547738693467337,5.899497487437186,0.0,0.0,1.0
95,0.05,clin,15,10,0.9333333333333333,5.733333333333333,0.0,0.0,1.0
95,0.05,both,77,49,0.961038961038961,6.103896103896104,0.0,0.0,1.0
95,0.05,all,291,154,0.9553264604810997,5.945017182130584,0.0,0.0,1.0
95,0.1,derm,199,95,0.914572864321608,4.211055276381909,0.0,0.057692307692307696,0.9698492462311558
95,0.1,clin,15,10,0.9333333333333333,3.8666666666666667,0.0,0.0,1.0
95,0.1,both,77,49,0.9090909090909091,4.558441558441558,0.0,0.0,1.0
95,0.1,all,291,154,0.9140893470790378,4.285223367697594,0.0,0.043795620437956206,0.979381443298969
95,0.15,derm,199,95,0.8693467336683417,3.4170854271356785,0.0,0.125,0.9346733668341709
95,0.15,clin,15,10,0.8,2.933333333333333,0.0,0.0,1.0
95,0.15,both,77,49,0.8181818181818182,3.7012987012987013,0.0,0.0,1.0
95,0.15,all,291,154,0.852233676975945,3.4673539518900345,0.0,0.0948905109489051,0.9553264604810997
96,0.05,derm,209,82,0.9665071770334929,5.779904306220096,0.0,0.0,1.0
96,0.05,clin,7,7,0.5714285714285714,5.571428571428571,0.0,,1.0
96,0.05,both,90,64,0.9777777777777777,6.133333333333334,0.0,0.0,1.0
96,0.05,all,306,153,0.9607843137254902,5.879084967320262,0.0,0.0,1.0
96,0.1,derm,209,82,0.9090909090909091,4.425837320574162,0.0,0.0,1.0
96,0.1,clin,7,7,0.5714285714285714,3.5714285714285716,0.0,,1.0
96,0.1,both,90,64,0.9555555555555556,4.633333333333334,0.0,0.0,1.0
96,0.1,all,306,153,0.9150326797385621,4.467320261437909,0.0,0.0,1.0
96,0.15,derm,209,82,0.8516746411483254,3.3444976076555024,0.024390243902439025,0.09448818897637795,0.9330143540669856
96,0.15,clin,7,7,0.5714285714285714,3.0,0.14285714285714285,,0.8571428571428571
96,0.15,both,90,64,0.9,3.7777777777777777,0.0,0.0,1.0
96,0.15,all,306,153,0.8594771241830066,3.4640522875816995,0.0196078431372549,0.0784313725490196,0.9509803921568627
97,0.05,derm,234,78,0.9786324786324786,5.119658119658119,0.0,0.00641025641025641,0.9957264957264957
97,0.05,clin,19,13,0.8421052631578947,4.473684210526316,0.0,0.0,1.0
97,0.05,both,92,56,0.8586956521739131,5.315217391304348,0.0,0.0,1.0
97,0.05,all,345,147,0.9391304347826087,5.136231884057971,0.0,0.005050505050505051,0.9971014492753624
97,0.1,derm,234,78,0.9487179487179487,3.5085470085470085,0.0,0.1346153846153846,0.9102564102564102
97,0.1,clin,19,13,0.7894736842105263,3.3684210526315788,0.07692307692307693,0.0,0.9473684210526315
97,0.1,both,92,56,0.8152173913043478,4.217391304347826,0.0,0.0,1.0
97,0.1,all,345,147,0.9043478260869565,3.689855072463768,0.006802721088435374,0.10606060606060606,0.936231884057971
97,0.15,derm,234,78,0.9017094017094017,2.641025641025641,0.01282051282051282,0.3782051282051282,0.7435897435897436
97,0.15,clin,19,13,0.6842105263157895,2.526315789473684,0.07692307692307693,0.0,0.9473684210526315
97,0.15,both,92,56,0.7608695652173914,3.467391304347826,0.0,0.027777777777777776,0.9891304347826086
97,0.15,all,345,147,0.8521739130434782,2.8550724637681157,0.013605442176870748,0.30303030303030304,0.8202898550724638
98,0.05,derm,266,82,0.9774436090225563,5.443609022556391,0.0,0.0,1.0
98,0.05,clin,13,10,0.9230769230769231,5.3076923076923075,0.0,0.0,1.0
98,0.05,both,78,56,0.8846153846153846,5.5256410256410255,0.0,0.0,1.0
98,0.05,all,357,148,0.9551820728291317,5.456582633053221,0.0,0.0,1.0
98,0.1,derm,266,82,0.9586466165413534,4.184210526315789,0.0,0.043478260869565216,0.9699248120300752
98,0.1,clin,13,10,0.9230769230769231,4.153846153846154,0.0,0.0,1.0
98,0.1,both,78,56,0.8333333333333334,4.410256410256411,0.0,0.0,1.0
98,0.1,all,357,148,0.9299719887955182,4.23249299719888,0.0,0.03827751196172249,0.9775910364145658
98,0.15,derm,266,82,0.9473684210526315,3.473684210526316,0.012195121951219513,0.17391304347826086,0.8759398496240601
98,0.15,clin,13,10,0.9230769230769231,3.1538461538461537,0.0,0.0,1.0
98,0.15,both,78,56,0.8205128205128205,3.717948717948718,0.0,0.0,1.0
98,0.15,all,357,148,0.9187675070028011,3.515406162464986,0.006756756756756757,0.15311004784688995,0.907563025210084
99,0.05,derm,308,95,0.9707792207792207,6.055194805194805,0.0,0.0,1.0
99,0.05,clin,15,13,1.0,6.333333333333333,0.0,0.0,1.0
99,0.05,both,82,59,0.9390243902439024,6.158536585365853,0.0,0.0,1.0
99,0.05,all,405,167,0.9654320987654321,6.08641975308642,0.0,0.0,1.0
99,0.1,derm,308,95,0.948051948051948,3.9123376623376624,0.010526315789473684,0.03286384976525822,0.974025974025974
99,0.1,clin,15,13,1.0,4.066666666666666,0.0,0.0,1.0
99,0.1,both,82,59,0.9024390243902439,4.317073170731708,0.0,0.0,1.0
99,0.1,all,405,167,0.9407407407407408,4.0,0.005988023952095809,0.029411764705882353,0.980246913580247
99,0.15,derm,308,95,0.9123376623376623,3.0974025974025974,0.010526315789473684,0.1267605633802817,0.9090909090909091
99,0.15,clin,15,13,1.0,3.2666666666666666,0.0,0.0,1.0
99,0.15,both,82,59,0.8536585365853658,3.6097560975609757,0.0,0.043478260869565216,0.9878048780487805
99,0.15,all,405,167,0.9037037037037037,3.2074074074074073,0.005988023952095809,0.11764705882352941,0.928395061728395
