cohort,draw,cls,n,f1,auc
hiba,0,MEL,47,0.6190476190476191,0.8498574248738758
hiba,0,NV,248,0.8596112311015118,0.9300931516301536
hiba,0,BCC,74,0.6412213740458015,0.9446357715055776
hiba,0,AK,11,0.15789473684210525,0.847770154373928
hiba,0,BKL,13,0.1686746987951807,0.7962085308056872
hiba,0,DF,10,0.5555555555555556,0.8105882352941177
hiba,0,VASC,10,0.46153846153846156,0.8032941176470589
hiba,0,SCC,22,0.25,0.8202729473915915
pad,0,MEL,10,0.5333333333333333,0.9770428015564201
pad,0,NV,10,0.6,0.964591439688716
pad,0,BCC,157,0.754325259515571,0.830775911986103
pad,0,AK,51,0.6178861788617886,0.8562999273783588
pad,0,BKL,9,0.5217391304347826,0.9138673557278209
pad,0,DF,0,,
pad,0,VASC,0,,
pad,0,SCC,30,0.1875,0.6516877637130801
hiba,1,MEL,49,0.4888888888888889,0.814625850340136
hiba,1,NV,168,0.797427652733119,0.904498816101026
hiba,1,BCC,52,0.5168539325842697,0.8983423983423984
hiba,1,AK,9,0.3125,0.922875816993464
hiba,1,BKL,18,0.325,0.8383685800604229
hiba,1,DF,12,0.47619047619047616,0.8088526211671612
hiba,1,VASC,15,0.6956521739130435,0.8848303393213574
hiba,1,SCC,26,0.23076923076923078,0.8223386520600142
pad,1,MEL,11,0.6666666666666666,0.9631632308212235
pad,1,NV,13,0.6,0.9282627484874676
pad,1,BCC,160,0.6805555555555556,0.7398958333333334
pad,1,AK,58,0.5588235294117647,0.8080925753339546
pad,1,BKL,7,0.37037037037037035,0.9314495028780743
pad,1,DF,0,,
pad,1,VASC,0,,
pad,1,SCC,31,0.16901408450704225,0.5700220235781838
hiba,2,MEL,45,0.46511627906976744,0.8360493827160493
hiba,2,NV,128,0.723404255319149,0.8868231951871657
hiba,2,BCC,64,0.5535714285714286,0.8636703187250996
hiba,2,AK,12,0.10526315789473684,0.7868536853685368
hiba,2,BKL,17,0.1917808219178082,0.7550335570469798
hiba,2,DF,10,0.25,0.7419672131147541
hiba,2,VASC,9,0.5,0.8587509077705157
hiba,2,SCC,30,0.27586206896551724,0.7794152046783626
pad,2,MEL,12,0.42105263157894735,0.944546568627451
pad,2,NV,14,0.6153846153846154,0.9537037037037037
pad,2,BCC,162,0.6548042704626335,0.7453703703703702
pad,2,AK,57,0.5103448275862069,0.7781899683128526
pad,2,BKL,6,0.3333333333333333,0.8920863309352518
pad,2,DF,0,,
pad,2,VASC,0,,
pad,2,SCC,33,0.1643835616438356,0.5989979476035253
hiba,3,MEL,49,0.5432098765432098,0.8803108431984894
hiba,3,NV,132,0.6946564885496184,0.8413682277318641
hiba,3,BCC,63,0.509090909090909,0.884192378574401
hiba,3,AK,14,0.10810810810810811,0.6570976491862568
hiba,3,BKL,15,0.21621621621621623,0.7468783068783069
hiba,3,DF,16,0.09523809523809523,0.6954617834394904
hiba,3,VASC,17,0.5833333333333334,0.7735388084946437
hiba,3,SCC,24,0.23529411764705882,0.7844498910675382
pad,3,MEL,11,0.35294117647058826,0.954390319578033
pad,3,NV,14,0.56,0.9450738916256157
pad,3,BCC,172,0.6819672131147541,0.786711592670895
pad,3,AK,62,0.5584415584415584,0.8368101839509465
pad,3,BKL,8,0.37037037037037035,0.9556587837837838
pad,3,DF,0,,
pad,3,VASC,0,,
pad,3,SCC,37,0.2,0.6202044741370584
hiba,4,MEL,38,0.4594594594594595,0.865918630933161
hiba,4,NV,165,0.7272727272727273,0.882046596619461
hiba,4,BCC,74,0.5864661654135338,0.8793103448275862
hiba,4,AK,15,0.3111111111111111,0.7921680993314232
hiba,4,BKL,16,0.1927710843373494,0.7729885057471264
hiba,4,DF,11,0.375,0.8035024465619367
hiba,4,VASC,16,0.6086956521739131,0.7385057471264368
hiba,4,SCC,29,0.3157894736842105,0.8328358208955224
pad,4,MEL,10,0.47058823529411764,0.902909090909091
pad,4,NV,10,0.5882352941176471,0.9494545454545454
pad,4,BCC,174,0.7161290322580646,0.7802889095992545
pad,4,AK,47,0.5190839694656488,0.80649919542285
pad,4,BKL,6,0.2222222222222222,0.941457586618877
pad,4,DF,0,,
pad,4,VASC,0,,
pad,4,SCC,38,0.23376623376623376,0.6189004900916258
hiba,5,MEL,55,0.6538461538461539,0.8983664772727272
hiba,5,NV,109,0.7575757575757576,0.9073031156326642
hiba,5,BCC,69,0.6065573770491803,0.8819619116061803
hiba,5,AK,14,0.3076923076923077,0.8734968734968735
hiba,5,BKL,23,0.3448275862068966,0.7891002415458938
hiba,5,DF,6,0.0,0.8114754098360656
hiba,5,VASC,11,0.7058823529411765,0.8133333333333334
hiba,5,SCC,24,0.3404255319148936,0.8652729384436701
pad,5,MEL,10,0.5882352941176471,0.8993610223642172
pad,5,NV,5,0.5,0.9710691823899371
pad,5,BCC,195,0.6949152542372882,0.7490584935897436
pad,5,AK,69,0.5432098765432098,0.8172714823690517
pad,5,BKL,7,0.36363636363636365,0.963381555153707
pad,5,DF,0,,
pad,5,VASC,0,,
pad,5,SCC,37,0.1518987341772152,0.5743715743715744
hiba,6,MEL,45,0.5316455696202531,0.8546783625730995
hiba,6,NV,90,0.6971428571428572,0.8596842744383728
hiba,6,BCC,64,0.5871559633027523,0.880906100478469
hiba,6,AK,8,0.16,0.8023584905660377
hiba,6,BKL,17,0.3380281690140845,0.8442095588235294
hiba,6,DF,14,0.3,0.7553778268063983
hiba,6,VASC,10,0.46153846153846156,0.8011406844106463
hiba,6,SCC,25,0.2962962962962963,0.7732258064516129
pad,6,MEL,12,0.375,0.9490566037735849
pad,6,NV,11,0.42105263157894735,0.9022556390977443
pad,6,BCC,170,0.7081967213114754,0.7555250137438153
pad,6,AK,48,0.5190839694656488,0.8076783114992723
pad,6,BKL,7,0.5833333333333334,0.9899470899470899
pad,6,DF,0,,
pad,6,VASC,0,,
pad,6,SCC,29,0.13559322033898305,0.6471078976640712
hiba,7,MEL,48,0.5869565217391305,0.8537946428571429
hiba,7,NV,200,0.7449856733524355,0.8858152173913043
hiba,7,BCC,55,0.5567010309278351,0.9008013263332413
hiba,7,AK,10,0.24242424242424243,0.8529411764705883
hiba,7,BKL,18,0.1188118811881188,0.6806314511232544
hiba,7,DF,17,0.3333333333333333,0.7193460490463215
hiba,7,VASC,13,0.631578947368421,0.796599626788306
hiba,7,SCC,23,0.3018867924528302,0.8564374322534024
pad,7,MEL,9,0.3333333333333333,0.960167714884696
pad,7,NV,13,0.5384615384615384,0.9245505452402004
pad,7,BCC,161,0.671280276816609,0.7267905238278459
pad,7,AK,51,0.4806201550387597,0.8149125120900377
pad,7,BKL,4,0.3333333333333333,0.8592592592592594
pad,7,DF,0,,
pad,7,VASC,0,,
pad,7,SCC,36,0.08108108108108109,0.5724206349206349
hiba,8,MEL,55,0.5052631578947369,0.8639011473962931
hiba,8,NV,183,0.7295597484276729,0.8912840020529541
hiba,8,BCC,59,0.616822429906542,0.9169213670464018
hiba,8,AK,17,0.4186046511627907,0.8808272588574334
hiba,8,BKL,15,0.16494845360824742,0.7340974212034385
hiba,8,DF,6,0.5454545454545454,0.6745810055865923
hiba,8,VASC,7,0.4444444444444444,0.5510204081632653
hiba,8,SCC,22,0.375,0.8775917065390749
pad,8,MEL,13,0.38095238095238093,0.9643589743589743
pad,8,NV,11,0.6363636363636364,0.98314268512944
pad,8,BCC,187,0.6987951807228916,0.7661276631864866
pad,8,AK,56,0.5352112676056338,0.8238952195664258
pad,8,BKL,8,0.48,0.9737704918032788
pad,8,DF,0,,
pad,8,VASC,0,,
pad,8,SCC,38,0.19047619047619047,0.5927272727272727
hiba,9,MEL,46,0.625,0.8497632371932845
hiba,9,NV,160,0.8562691131498471,0.9221230158730158
hiba,9,BCC,62,0.5663716814159292,0.8797909407665505
hiba,9,AK,15,0.11428571428571428,0.6956087824351298
hiba,9,BKL,18,0.3225806451612903,0.7922121517287679
hiba,9,DF,14,0.2222222222222222,0.737313432835821
hiba,9,VASC,11,0.5333333333333333,0.7337278106508877
hiba,9,SCC,23,0.2916666666666667,0.8042144571885836
pad,9,MEL,10,0.5,0.9663333333333334
pad,9,NV,17,0.5714285714285714,0.9415779963862678
pad,9,BCC,182,0.6948640483383686,0.7625772664835165
pad,9,AK,54,0.4927536231884058,0.8109809027777778
pad,9,BKL,7,0.5217391304347826,0.983026874115983
pad,9,DF,0,,
pad,9,VASC,0,,
pad,9,SCC,40,0.19047619047619047,0.6876851851851852
hiba,10,MEL,43,0.4470588235294118,0.8131326949384405
hiba,10,NV,104,0.6804123711340206,0.8476903251387787
hiba,10,BCC,62,0.6101694915254238,0.8747266265718973
hiba,10,AK,14,0.10526315789473684,0.7200704225352113
hiba,10,BKL,18,0.2,0.6607142857142858
hiba,10,DF,15,0.2857142857142857,0.7418138987043581
hiba,10,VASC,15,0.42105263157894735,0.6518256772673734
hiba,10,SCC,27,0.23529411764705882,0.7545442121087877
pad,10,MEL,10,0.26666666666666666,0.9409774436090226
pad,10,NV,5,0.36363636363636365,0.8656826568265683
pad,10,BCC,151,0.6617647058823529,0.7609801324503311
pad,10,AK,65,0.567741935483871,0.814473204520598
pad,10,BKL,7,0.5,0.9739776951672862
pad,10,DF,0,,
pad,10,VASC,0,,
pad,10,SCC,38,0.22784810126582278,0.6737063246351171
hiba,11,MEL,48,0.5882352941176471,0.853936887254902
hiba,11,NV,127,0.7368421052631579,0.9125698665905103
hiba,11,BCC,74,0.576,0.8663480553724456
hiba,11,AK,11,0.20512820512820512,0.7749338040600177
hiba,11,BKL,11,0.16,0.6934392468373051
hiba,11,DF,16,0.36363636363636365,0.7896792763157895
hiba,11,VASC,8,0.5454545454545454,0.9074519230769231
hiba,11,SCC,25,0.14545454545454545,0.7772203389830508
pad,11,MEL,4,0.4,0.9919642857142856
pad,11,NV,6,0.42857142857142855,0.9514388489208633
pad,11,BCC,154,0.6714801444043321,0.7615134865134865
pad,11,AK,67,0.6052631578947368,0.8484077309306004
pad,11,BKL,10,0.4666666666666667,0.9375912408759125
pad,11,DF,0,,
pad,11,VASC,0,,
pad,11,SCC,43,0.26666666666666666,0.6639486635144264
hiba,12,MEL,46,0.5591397849462365,0.8702088100686499
hiba,12,NV,171,0.8200589970501475,0.9090136887843444
hiba,12,BCC,46,0.5977011494252874,0.9096109839816934
hiba,12,AK,18,0.25806451612903225,0.822289156626506
hiba,12,BKL,20,0.30303030303030304,0.795
hiba,12,DF,12,0.125,0.7189349112426036
hiba,12,VASC,15,0.6363636363636364,0.8298507462686567
hiba,12,SCC,22,0.2608695652173913,0.8569844789356984
pad,12,MEL,10,0.42857142857142855,0.88671875
pad,12,NV,7,0.7142857142857143,0.9784886927744071
pad,12,BCC,154,0.6996466431095406,0.746260435992579
pad,12,AK,59,0.5652173913043478,0.7975108490952264
pad,12,BKL,2,0.13333333333333333,0.9659090909090908
pad,12,DF,0,,
pad,12,VASC,0,,
pad,12,SCC,34,0.2647058823529412,0.6714629817444219
hiba,13,MEL,39,0.5205479452054794,0.844551282051282
hiba,13,NV,64,0.7,0.8916495901639344
hiba,13,BCC,68,0.6101694915254238,0.8398784094643443
hiba,13,AK,11,0.17647058823529413,0.811633281972265
hiba,13,BKL,17,0.3333333333333333,0.740920716112532
hiba,13,DF,11,0.35294117647058826,0.75462249614792
hiba,13,VASC,10,0.46153846153846156,0.7919831223628692
hiba,13,SCC,27,0.2711864406779661,0.7526936026936026
pad,13,MEL,8,0.6153846153846154,0.8852313167259787
pad,13,NV,19,0.7272727272727273,0.9762183235867447
pad,13,BCC,157,0.7147766323024055,0.778131634819533
pad,13,AK,62,0.5616438356164384,0.798635782293591
pad,13,BKL,8,0.4,0.8736654804270463
pad,13,DF,0,,
pad,13,VASC,0,,
pad,13,SCC,35,0.26666666666666666,0.6847019122609674
hiba,14,MEL,55,0.54,0.8553359683794466
hiba,14,NV,153,0.8066666666666666,0.912723961889897
hiba,14,BCC,69,0.6166666666666667,0.8939740655987795
hiba,14,AK,10,0.13333333333333333,0.8604651162790697
hiba,14,BKL,16,0.2903225806451613,0.7468565088757396
hiba,14,DF,14,0.19047619047619047,0.6254201680672269
hiba,14,VASC,13,0.631578947368421,0.9264606361380555
hiba,14,SCC,24,0.2857142857142857,0.789520202020202
pad,14,MEL,15,0.45454545454545453,0.9611479028697572
pad,14,NV,12,0.5384615384615384,0.9838797814207649
pad,14,BCC,194,0.6906906906906907,0.7989271645293773
pad,14,AK,48,0.48120300751879697,0.7890334572490708
pad,14,BKL,11,0.34285714285714286,0.8844325609031491
pad,14,DF,0,,
pad,14,VASC,0,,
pad,14,SCC,37,0.18823529411764706,0.6562741312741311
hiba,15,MEL,63,0.5818181818181818,0.8494897959183673
hiba,15,NV,93,0.6892655367231638,0.8594945128034586
hiba,15,BCC,65,0.6101694915254238,0.8753984753984754
hiba,15,AK,14,0.2857142857142857,0.8437990580847723
hiba,15,BKL,12,0.25,0.7187878787878788
hiba,15,DF,10,0.0,0.7072202166064981
hiba,15,VASC,9,0.5,0.80775379696243
hiba,15,SCC,21,0.21052631578947367,0.8043322592194773
pad,15,MEL,9,0.5,0.9577114427860697
pad,15,NV,13,0.6086956521739131,0.9813519813519813
pad,15,BCC,151,0.6742424242424242,0.7666088510459371
pad,15,AK,56,0.593103448275862,0.8570620555914674
pad,15,BKL,7,0.4,0.8666666666666667
pad,15,DF,0,,
pad,15,VASC,0,,
pad,15,SCC,41,0.2716049382716049,0.6448429102935097
hiba,16,MEL,41,0.5,0.8353293413173652
hiba,16,NV,183,0.7425149700598802,0.8807775500910746
hiba,16,BCC,70,0.5691056910569106,0.9043091334894613
hiba,16,AK,14,0.2222222222222222,0.7641472101305896
hiba,16,BKL,13,0.16470588235294117,0.7169570760730981
hiba,16,DF,10,0.26666666666666666,0.6767123287671233
hiba,16,VASC,10,0.46153846153846156,0.7553424657534247
hiba,16,SCC,34,0.32727272727272727,0.813351733655339
pad,16,MEL,12,0.4444444444444444,0.9113965744400527
pad,16,NV,18,0.5806451612903226,0.9336482231219073
pad,16,BCC,156,0.7103448275862069,0.7629381322041872
pad,16,AK,46,0.5585585585585585,0.8143736351002582
pad,16,BKL,8,0.4,0.9309338521400778
pad,16,DF,0,,
pad,16,VASC,0,,
pad,16,SCC,25,0.16,0.6315000000000001
hiba,17,MEL,48,0.4883720930232558,0.8389767932489451
hiba,17,NV,274,0.8123711340206186,0.9229041592882132
hiba,17,BCC,57,0.5233644859813084,0.9102808835560403
hiba,17,AK,13,0.21621621621621623,0.8724508050089446
hiba,17,BKL,16,0.18518518518518517,0.8144028103044496
hiba,17,DF,8,0.36363636363636365,0.7864942528735632
hiba,17,VASC,4,0.6666666666666666,0.7727790432801822
hiba,17,SCC,23,0.2608695652173913,0.8589026915113871
pad,17,MEL,9,0.5882352941176471,0.977039770397704
pad,17,NV,8,0.5714285714285714,0.9627757352941176
pad,17,BCC,158,0.6944444444444444,0.7778584768624196
pad,17,AK,53,0.5333333333333333,0.8098661790374866
pad,17,BKL,14,0.5555555555555556,0.9530075187969925
pad,17,DF,0,,
pad,17,VASC,0,,
pad,17,SCC,38,0.2,0.6700195737277077
hiba,18,MEL,61,0.5535714285714286,0.8397340364553479
hiba,18,NV,144,0.7657992565055762,0.9017515051997811
hiba,18,BCC,63,0.6,0.9072769953051643
hiba,18,AK,10,0.21428571428571427,0.8397626112759644
hiba,18,BKL,20,0.30952380952380953,0.8371559633027523
hiba,18,DF,15,0.2727272727272727,0.7728915662650602
hiba,18,VASC,10,0.5714285714285714,0.9118694362017804
hiba,18,SCC,24,0.36363636363636365,0.8539731682146543
pad,18,MEL,10,0.47058823529411764,0.9052830188679246
pad,18,NV,12,0.5,0.9062103929024081
pad,18,BCC,153,0.7202797202797203,0.7959927140255009
pad,18,AK,56,0.576,0.846909654272668
pad,18,BKL,6,0.2857142857142857,0.9560099132589839
pad,18,DF,0,,
pad,18,VASC,0,,
pad,18,SCC,38,0.2857142857142857,0.6847101932045303
hiba,19,MEL,46,0.4819277108433735,0.8107360793287567
hiba,19,NV,105,0.7352941176470589,0.8631727247111862
hiba,19,BCC,60,0.6422018348623854,0.8759345794392523
hiba,19,AK,9,0.14285714285714285,0.8255765199161426
hiba,19,BKL,14,0.2909090909090909,0.768956043956044
hiba,19,DF,11,0.35294117647058826,0.7566539923954373
hiba,19,VASC,6,0.5,0.7786069651741293
hiba,19,SCC,23,0.3181818181818182,0.7822622553265199
pad,19,MEL,8,0.4,0.9600563909774437
pad,19,NV,15,0.6206896551724138,0.9480051480051479
pad,19,BCC,147,0.7058823529411765,0.7880711339653972
pad,19,AK,62,0.6081081081081081,0.8270693852708461
pad,19,BKL,7,0.5454545454545454,0.9796682718031032
pad,19,DF,0,,
pad,19,VASC,0,,
pad,19,SCC,35,0.1791044776119403,0.6007770472205618
hiba,20,MEL,49,0.5869565217391305,0.8783387039026137
hiba,20,NV,161,0.6842105263157895,0.8829210497971494
hiba,20,BCC,58,0.5576923076923077,0.8905547226386806
hiba,20,AK,12,0.1111111111111111,0.8517080745341614
hiba,20,BKL,17,0.18867924528301888,0.7519020226387085
hiba,20,DF,8,0.2222222222222222,0.5728527607361963
hiba,20,VASC,6,0.2857142857142857,0.7413617886178863
hiba,20,SCC,23,0.20833333333333334,0.8045575283098001
pad,20,MEL,8,0.5,0.9695692883895131
pad,20,NV,13,0.5925925925925926,0.9495008807985907
pad,20,BCC,164,0.7074829931972789,0.7861184355086794
pad,20,AK,46,0.5238095238095238,0.8085247769128536
pad,20,BKL,4,0.375,0.9640221402214022
pad,20,DF,0,,
pad,20,VASC,0,,
pad,20,SCC,40,0.21333333333333335,0.6228191489361703
hiba,21,MEL,55,0.5918367346938775,0.8625521267723102
hiba,21,NV,85,0.757396449704142,0.9075093867334167
hiba,21,BCC,65,0.5663716814159292,0.8590236686390533
hiba,21,AK,13,0.30303030303030304,0.8798816568047337
hiba,21,BKL,15,0.25,0.7697674418604651
hiba,21,DF,13,0.2222222222222222,0.7159763313609467
hiba,21,VASC,7,0.25,0.5955961331901182
hiba,21,SCC,20,0.27906976744186046,0.7675889328063241
pad,21,MEL,14,0.5833333333333334,0.9733560090702948
pad,21,NV,9,0.5,0.9684392563769996
pad,21,BCC,146,0.6377952755905512,0.7600456621004567
pad,21,AK,55,0.4892086330935252,0.7632485997414907
pad,21,BKL,8,0.43478260869565216,0.9656007751937985
pad,21,DF,0,,
pad,21,VASC,0,,
pad,21,SCC,34,0.2222222222222222,0.6480096348884381
hiba,22,MEL,49,0.49382716049382713,0.8505779934351363
hiba,22,NV,153,0.6201550387596899,0.8354521295697767
hiba,22,BCC,69,0.5714285714285714,0.8794813119755911
hiba,22,AK,18,0.13953488372093023,0.7232737469330529
hiba,22,BKL,11,0.1782178217821782,0.8240740740740741
hiba,22,DF,6,0.0,0.709726443768997
hiba,22,VASC,14,0.5263157894736842,0.7367601246105919
hiba,22,SCC,15,0.25,0.7679166666666667
pad,22,MEL,12,0.42105263157894735,0.9633699633699634
pad,22,NV,12,0.6666666666666666,0.9374236874236874
pad,22,BCC,169,0.6912751677852349,0.7734135890634565
pad,22,AK,59,0.48175182481751827,0.7727238638068097
pad,22,BKL,5,0.16666666666666666,0.8528571428571429
pad,22,DF,0,,
pad,22,VASC,0,,
pad,22,SCC,28,0.17647058823529413,0.5954002223457476
hiba,23,MEL,46,0.5348837209302325,0.8480151228733459
hiba,23,NV,102,0.6628571428571428,0.8705206220419203
hiba,23,BCC,56,0.5794392523364486,0.884577922077922
hiba,23,AK,15,0.25,0.7943805874840357
hiba,23,BKL,21,0.3333333333333333,0.8399626517273576
hiba,23,DF,9,0.15384615384615385,0.6408655846858093
hiba,23,VASC,5,0.0,0.8332103321033211
hiba,23,SCC,22,0.2857142857142857,0.8042233357193986
pad,23,MEL,9,0.5333333333333333,0.9564102564102563
pad,23,NV,4,0.6,0.9669811320754718
pad,23,BCC,147,0.7191011235955056,0.8046448087431695
pad,23,AK,62,0.5833333333333334,0.8125681782764531
pad,23,BKL,10,0.42857142857142855,0.8891891891891892
pad,23,DF,0,,
pad,23,VASC,0,,
pad,23,SCC,37,0.2702702702702703,0.6869757688723206
hiba,24,MEL,39,0.5142857142857142,0.8401320901320901
hiba,24,NV,134,0.6557377049180327,0.8271659454208248
hiba,24,BCC,54,0.58,0.8806336456938867
hiba,24,AK,13,0.1875,0.689920424403183
hiba,24,BKL,13,0.16,0.7246684350132626
hiba,24,DF,9,0.14285714285714285,0.6126228269085412
hiba,24,VASC,12,0.4,0.7442726231386025
hiba,24,SCC,29,0.2857142857142857,0.7869368235590234
pad,24,MEL,13,0.45454545454545453,0.9108262108262108
pad,24,NV,14,0.5384615384615384,0.9684014869888475
pad,24,BCC,167,0.7337662337662337,0.8079444559157548
pad,24,AK,53,0.5826771653543307,0.8765791632485644
pad,24,BKL,8,0.46153846153846156,0.9768181818181818
pad,24,DF,0,,
pad,24,VASC,0,,
pad,24,SCC,28,0.21052631578947367,0.6707282913165267
hiba,25,MEL,46,0.47619047619047616,0.8086798991808444
hiba,25,NV,144,0.6586345381526104,0.8536594881398252
hiba,25,BCC,58,0.660377358490566,0.9082419017763845
hiba,25,AK,7,0.16666666666666666,0.7061224489795919
hiba,25,BKL,28,0.23423423423423423,0.6609572400388727
hiba,25,DF,8,0.3333333333333333,0.758359872611465
hiba,25,VASC,9,0.5,0.7458288959886404
hiba,25,SCC,22,0.2608695652173913,0.8765151515151515
pad,25,MEL,14,0.3333333333333333,0.9156094870380586
pad,25,NV,12,0.6666666666666666,0.9786079182630907
pad,25,BCC,159,0.6691176470588235,0.7757640957740263
pad,25,AK,51,0.5,0.7922628510863804
pad,25,BKL,4,0.25,0.8485130111524163
pad,25,DF,0,,
pad,25,VASC,0,,
pad,25,SCC,33,0.19444444444444445,0.5975378787878787
hiba,26,MEL,49,0.5116279069767442,0.8304288007337767
hiba,26,NV,195,0.7595628415300546,0.8730647130647132
hiba,26,BCC,68,0.6016260162601627,0.9020771513353115
hiba,26,AK,13,0.06060606060606061,0.6960361067503925
hiba,26,BKL,24,0.2616822429906542,0.739938757655293
hiba,26,DF,16,0.24,0.7434125964010282
hiba,26,VASC,13,0.47058823529411764,0.7344976452119311
hiba,26,SCC,27,0.18867924528301888,0.8603762492651381
pad,26,MEL,16,0.3,0.9209692028985508
pad,26,NV,11,0.5217391304347826,0.9731478485926884
pad,26,BCC,177,0.7047619047619048,0.7827069516089413
pad,26,AK,51,0.5079365079365079,0.8066878203563583
pad,26,BKL,5,0.2727272727272727,0.9588850174216028
pad,26,DF,0,,
pad,26,VASC,0,,
pad,26,SCC,32,0.1794871794871795,0.6475961538461539
hiba,27,MEL,46,0.5,0.8121689863283656
hiba,27,NV,209,0.7525773195876289,0.8552505666079073
hiba,27,BCC,52,0.6262626262626263,0.9286743515850144
hiba,27,AK,14,0.16666666666666666,0.7074211502782931
hiba,27,BKL,17,0.1553398058252427,0.7274407145056976
hiba,27,DF,9,0.16666666666666666,0.6908831908831908
hiba,27,VASC,18,0.6666666666666666,0.8544765237678624
hiba,27,SCC,34,0.24561403508771928,0.801450443190975
pad,27,MEL,8,0.7692307692307693,0.9811320754716981
pad,27,NV,9,0.5555555555555556,0.9196127946127947
pad,27,BCC,159,0.697508896797153,0.7835153922542205
pad,27,AK,55,0.49645390070921985,0.7931609674728941
pad,27,BKL,10,0.4444444444444444,0.9437262357414449
pad,27,DF,0,,
pad,27,VASC,0,,
pad,27,SCC,32,0.18181818181818182,0.6439315352697096
hiba,28,MEL,52,0.5054945054945055,0.8556587091069849
hiba,28,NV,116,0.7214611872146118,0.8991773148958516
hiba,28,BCC,71,0.5079365079365079,0.860318938423932
hiba,28,AK,12,0.2,0.8380398671096345
hiba,28,BKL,15,0.2028985507246377,0.7762863534675615
hiba,28,DF,11,0.2,0.6839253461770018
hiba,28,VASC,8,0.6666666666666666,0.9893442622950819
hiba,28,SCC,28,0.20408163265306123,0.8031328320802005
pad,28,MEL,11,0.25,0.900373599003736
pad,28,NV,9,0.5,0.9168556311413454
pad,28,BCC,185,0.7055214723926381,0.7879065506184151
pad,28,AK,67,0.6060606060606061,0.8425562863647863
pad,28,BKL,8,0.3448275862068966,0.8622881355932203
pad,28,DF,0,,
pad,28,VASC,0,,
pad,28,SCC,23,0.07407407407407407,0.6052018633540373
hiba,29,MEL,49,0.5287356321839081,0.8165687640041178
hiba,29,NV,187,0.8066298342541437,0.891113320613764
hiba,29,BCC,55,0.5106382978723404,0.8901950013732491
hiba,29,AK,10,0.18181818181818182,0.7109042553191489
hiba,29,BKL,23,0.26666666666666666,0.7884776619954486
hiba,29,DF,16,0.18181818181818182,0.7285472972972973
hiba,29,VASC,18,0.7142857142857143,0.7836654589371981
hiba,29,SCC,28,0.25,0.852853152434158
pad,29,MEL,11,0.47058823529411764,0.8950798305637016
pad,29,NV,17,0.6666666666666666,0.9398836457659987
pad,29,BCC,164,0.6759581881533101,0.7981029810298103
pad,29,AK,61,0.56,0.8170234089770205
pad,29,BKL,7,0.4444444444444444,0.9409389197375063
pad,29,DF,0,,
pad,29,VASC,0,,
pad,29,SCC,30,0.2028985507246377,0.6535897435897435
hiba,30,MEL,52,0.4948453608247423,0.8254159633469977
hiba,30,NV,182,0.7333333333333333,0.8831327402755974
hiba,30,BCC,58,0.5858585858585859,0.920513385479784
hiba,30,AK,12,0.23529411764705882,0.8498142989786444
hiba,30,BKL,15,0.1590909090909091,0.7558052434456929
hiba,30,DF,13,0.2,0.6916630855178341
hiba,30,VASC,6,0.2857142857142857,0.5954337899543378
hiba,30,SCC,33,0.29850746268656714,0.8213197059350906
pad,30,MEL,8,0.5454545454545454,0.9014505119453925
pad,30,NV,13,0.7857142857142857,0.9941239316239316
pad,30,BCC,177,0.7129337539432177,0.7915299799526152
pad,30,AK,65,0.5657894736842105,0.8353324641460235
pad,30,BKL,7,0.5384615384615384,0.9941690962099126
pad,30,DF,0,,
pad,30,VASC,0,,
pad,30,SCC,31,0.17647058823529413,0.6224014336917563
hiba,31,MEL,45,0.5476190476190477,0.8524603174603175
hiba,31,NV,135,0.7461538461538462,0.8632358674463938
hiba,31,BCC,69,0.6666666666666666,0.9003057065217392
hiba,31,AK,15,0.16666666666666666,0.7440860215053765
hiba,31,BKL,16,0.2571428571428571,0.7894417475728156
hiba,31,DF,12,0.47058823529411764,0.7563897763578274
hiba,31,VASC,12,0.4,0.7305644302449414
hiba,31,SCC,21,0.23809523809523808,0.762687969924812
pad,31,MEL,8,0.7142857142857143,0.9779151943462898
pad,31,NV,15,0.8125,0.9881642512077294
pad,31,BCC,157,0.6906474820143885,0.7912586747789714
pad,31,AK,62,0.5986394557823129,0.8297647555993802
pad,31,BKL,9,0.46153846153846156,0.933806146572104
pad,31,DF,0,,
pad,31,VASC,0,,
pad,31,SCC,40,0.18823529411764706,0.6016434262948207
hiba,32,MEL,46,0.5909090909090909,0.8902650268491252
hiba,32,NV,91,0.7419354838709677,0.9069668195881788
hiba,32,BCC,80,0.5757575757575758,0.8709677419354839
hiba,32,AK,15,0.11428571428571428,0.6848699763593381
hiba,32,BKL,19,0.29333333333333333,0.7646724725482771
hiba,32,DF,12,0.26666666666666666,0.6596491228070175
hiba,32,VASC,11,0.5333333333333333,0.6834075015893197
hiba,32,SCC,23,0.3333333333333333,0.805775944144716
pad,32,MEL,9,0.5333333333333333,0.8824476650563606
pad,32,NV,11,0.5714285714285714,0.9349701393497014
pad,32,BCC,164,0.6511627906976745,0.7153295706510784
pad,32,AK,57,0.4755244755244755,0.7747768544167437
pad,32,BKL,7,0.5,0.8669064748201439
pad,32,DF,0,,
pad,32,VASC,0,,
pad,32,SCC,37,0.17142857142857143,0.6184612031386224
hiba,33,MEL,55,0.54,0.8301327885597548
hiba,33,NV,238,0.7850467289719626,0.8968038082284937
hiba,33,BCC,52,0.54,0.9004178272980501
hiba,33,AK,11,0.1935483870967742,0.8802272727272727
hiba,33,BKL,9,0.09195402298850575,0.7244333886124932
hiba,33,DF,10,0.15384615384615385,0.5299251870324189
hiba,33,VASC,8,0.0,0.6764888337468983
hiba,33,SCC,28,0.2545454545454545,0.7996083550913837
pad,33,MEL,7,0.5714285714285714,0.8891181021144919
pad,33,NV,12,0.5454545454545454,0.9362745098039216
pad,33,BCC,170,0.6774193548387096,0.7385448916408669
pad,33,AK,50,0.47244094488188976,0.7952564102564103
pad,33,BKL,10,0.5384615384615384,0.9036496350364964
pad,33,DF,0,,
pad,33,VASC,0,,
pad,33,SCC,35,0.2318840579710145,0.6239242685025818
hiba,34,MEL,46,0.5555555555555556,0.8442151805453206
hiba,34,NV,142,0.7137546468401487,0.8598273055417934
hiba,34,BCC,58,0.4946236559139785,0.8948458632874376
hiba,34,AK,16,0.15384615384615385,0.7207692307692307
hiba,34,BKL,20,0.22916666666666666,0.7277258566978193
hiba,34,DF,17,0.3333333333333333,0.6857298474945533
hiba,34,VASC,16,0.6086956521739131,0.7142307692307692
hiba,34,SCC,26,0.20833333333333334,0.7663003663003662
pad,34,MEL,7,0.36363636363636365,0.9617433414043584
pad,34,NV,8,0.5263157894736842,0.9549319727891158
pad,34,BCC,183,0.6750788643533123,0.7690223630435781
pad,34,AK,61,0.5408805031446541,0.8085504387456636
pad,34,BKL,8,0.5,0.9166666666666666
pad,34,DF,0,,
pad,34,VASC,0,,
pad,34,SCC,35,0.16216216216216217,0.6014446227929373
hiba,35,MEL,43,0.47368421052631576,0.8099193165638348
hiba,35,NV,143,0.7816091954022989,0.9201211159974048
hiba,35,BCC,83,0.5755395683453237,0.8788539986718528
hiba,35,AK,7,0.25806451612903225,0.9307359307359307
hiba,35,BKL,18,0.2988505747126437,0.8364681295715779
hiba,35,DF,14,0.3333333333333333,0.7927908005307386
hiba,35,VASC,14,0.6666666666666666,0.9303405572755419
hiba,35,SCC,15,0.14634146341463414,0.7196687370600414
pad,35,MEL,11,0.4444444444444444,0.9620414673046251
pad,35,NV,16,0.64,0.9441964285714285
pad,35,BCC,170,0.7128712871287128,0.7975957049486462
pad,35,AK,54,0.5379310344827586,0.8222757881848792
pad,35,BKL,12,0.5,0.9272300469483568
pad,35,DF,0,,
pad,35,VASC,0,,
pad,35,SCC,33,0.11594202898550725,0.58831662633944
hiba,36,MEL,63,0.5714285714285714,0.8556527372853903
hiba,36,NV,91,0.6628571428571428,0.8847926267281107
hiba,36,BCC,68,0.5483870967741935,0.8497549019607843
hiba,36,AK,19,0.24242424242424243,0.7619741395010017
hiba,36,BKL,22,0.3614457831325301,0.7695486331849968
hiba,36,DF,11,0.35294117647058826,0.7229874502601775
hiba,36,VASC,10,0.46153846153846156,0.7117449664429529
hiba,36,SCC,24,0.2692307692307692,0.8061913145539906
pad,36,MEL,11,0.375,0.8891608391608391
pad,36,NV,7,0.16666666666666666,0.9653679653679654
pad,36,BCC,144,0.7037037037037037,0.7663768591426071
pad,36,AK,67,0.6369426751592356,0.8404302019315188
pad,36,BKL,4,0.4444444444444444,0.9906367041198503
pad,36,DF,0,,
pad,36,VASC,0,,
pad,36,SCC,38,0.2318840579710145,0.6437203523831037
hiba,37,MEL,49,0.6122448979591837,0.8486577426669593
hiba,37,NV,139,0.8244274809160306,0.9331963001027749
hiba,37,BCC,60,0.5892857142857143,0.8748134328358209
hiba,37,AK,8,0.15384615384615385,0.794921875
hiba,37,BKL,24,0.35443037974683544,0.8156524122807017
hiba,37,DF,10,0.25,0.5566037735849056
hiba,37,VASC,6,0.2857142857142857,0.8297101449275363
hiba,37,SCC,32,0.2857142857142857,0.8335092905405406
pad,37,MEL,8,0.3333333333333333,0.9596153846153845
pad,37,NV,12,0.72,0.9934895833333334
pad,37,BCC,158,0.7361111111111112,0.8181530494821635
pad,37,AK,49,0.5116279069767442,0.8017892088342187
pad,37,BKL,7,0.47619047619047616,0.9792008757525998
pad,37,DF,0,,
pad,37,VASC,0,,
pad,37,SCC,34,0.22950819672131148,0.613562091503268
hiba,38,MEL,49,0.5393258426966292,0.8646550644797797
hiba,38,NV,168,0.8597014925373134,0.932769726247987
hiba,38,BCC,78,0.6176470588235294,0.9091340758007425
hiba,38,AK,15,0.06666666666666667,0.7250000000000001
hiba,38,BKL,16,0.36619718309859156,0.8685584958217271
hiba,38,DF,9,0.42857142857142855,0.8615664845173041
hiba,38,VASC,14,0.35294117647058826,0.6729323308270676
hiba,38,SCC,26,0.41379310344827586,0.8512232752920432
pad,38,MEL,8,0.2222222222222222,0.9564846416382253
pad,38,NV,6,0.4,0.9615819209039548
pad,38,BCC,176,0.6816720257234726,0.7679772727272728
pad,38,AK,61,0.5637583892617449,0.8101775956284154
pad,38,BKL,9,0.4666666666666667,0.943683409436834
pad,38,DF,0,,
pad,38,VASC,0,,
pad,38,SCC,41,0.22727272727272727,0.649859287054409
hiba,39,MEL,41,0.4810126582278481,0.8135567858746072
hiba,39,NV,204,0.7790055248618785,0.9025321785155781
hiba,39,BCC,59,0.49019607843137253,0.8912612810917896
hiba,39,AK,9,0.15384615384615385,0.8761638733705772
hiba,39,BKL,6,0.09302325581395349,0.8411819021237303
hiba,39,DF,9,0.16666666666666666,0.7678460583488516
hiba,39,VASC,5,0.3333333333333333,0.6828729281767956
hiba,39,SCC,34,0.36065573770491804,0.8124889595477831
pad,39,MEL,10,0.375,0.917123287671233
pad,39,NV,6,0.2857142857142857,0.8811936936936937
pad,39,BCC,170,0.7120743034055728,0.7535427807486633
pad,39,AK,67,0.5503355704697986,0.7973642426167038
pad,39,BKL,10,0.5,0.9099315068493151
pad,39,DF,0,,
pad,39,VASC,0,,
pad,39,SCC,39,0.24324324324324326,0.6418055961782198
hiba,40,MEL,45,0.4946236559139785,0.8538992408557626
hiba,40,NV,179,0.7770700636942676,0.9195292998930227
hiba,40,BCC,58,0.5471698113207547,0.896551724137931
hiba,40,AK,14,0.2222222222222222,0.8575475515985431
hiba,40,BKL,21,0.2608695652173913,0.7204789430222956
hiba,40,DF,8,0.5714285714285714,0.8610724233983287
hiba,40,VASC,10,0.5714285714285714,0.7557422969187676
hiba,40,SCC,32,0.35714285714285715,0.8121268656716418
pad,40,MEL,7,0.3076923076923077,0.9466248037676609
pad,40,NV,9,0.23529411764705882,0.8868388683886839
pad,40,BCC,167,0.6621160409556314,0.7344602829738753
pad,40,AK,53,0.49230769230769234,0.7909982545091847
pad,40,BKL,6,0.4,0.8935523114355232
pad,40,DF,0,,
pad,40,VASC,0,,
pad,40,SCC,38,0.17073170731707318,0.6124945628534145
hiba,41,MEL,36,0.4931506849315068,0.8361365953109072
hiba,41,NV,172,0.8664688427299704,0.9346767320102277
hiba,41,BCC,77,0.6131386861313869,0.9064571791844519
hiba,41,AK,9,0.1875,0.832705586942875
hiba,41,BKL,19,0.24561403508771928,0.7708078335373316
hiba,41,DF,17,0.4,0.8119687181230874
hiba,41,VASC,8,0.5454545454545454,0.8827464788732395
hiba,41,SCC,25,0.2222222222222222,0.8016568047337278
pad,41,MEL,4,0.0,0.9448275862068966
pad,41,NV,12,0.45454545454545453,0.9228723404255319
pad,41,BCC,180,0.7129337539432177,0.7882797270955165
pad,41,AK,50,0.48120300751879697,0.8103278688524591
pad,41,BKL,11,0.6666666666666666,0.9829746225505942
pad,41,DF,0,,
pad,41,VASC,0,,
pad,41,SCC,37,0.1951219512195122,0.6310337574929015
hiba,42,MEL,53,0.4782608695652174,0.8254716981132075
hiba,42,NV,112,0.7330316742081447,0.896280532938564
hiba,42,BCC,62,0.5925925925925926,0.8812558077791053
hiba,42,AK,9,0.2631578947368421,0.9005255255255256
hiba,42,BKL,20,0.2318840579710145,0.7078947368421054
hiba,42,DF,19,0.2222222222222222,0.7740154582259845
hiba,42,VASC,5,0.75,0.8826666666666667
hiba,42,SCC,25,0.2978723404255319,0.7952857142857144
pad,42,MEL,11,0.375,0.9181494661921709
pad,42,NV,16,0.75,0.9560688405797102
pad,42,BCC,169,0.6798679867986799,0.7527541251743879
pad,42,AK,57,0.5285714285714286,0.8092571855169839
pad,42,BKL,4,0.3157894736842105,0.9175347222222222
pad,42,DF,0,,
pad,42,VASC,0,,
pad,42,SCC,35,0.16216216216216217,0.5897165091717621
hiba,43,MEL,56,0.6666666666666666,0.8993818681318682
hiba,43,NV,131,0.7569721115537849,0.885331132659377
hiba,43,BCC,55,0.56,0.8953674677812609
hiba,43,AK,7,0.2857142857142857,0.9269533055940823
hiba,43,BKL,21,0.35,0.8027441485068603
hiba,43,DF,15,0.1111111111111111,0.5909191583610188
hiba,43,VASC,7,0.7272727272727273,0.9731853906611188
hiba,43,SCC,24,0.27450980392156865,0.8129280821917808
pad,43,MEL,10,0.631578947368421,0.9688963210702342
pad,43,NV,11,0.72,0.9771201952410007
pad,43,BCC,179,0.6498422712933754,0.7370434035238504
pad,43,AK,61,0.5333333333333333,0.8077406134320466
pad,43,BKL,7,0.4827586206896552,0.9858088930936613
pad,43,DF,0,,
pad,43,VASC,0,,
pad,43,SCC,41,0.1794871794871795,0.6285493265380415
hiba,44,MEL,52,0.5510204081632653,0.8596094308168611
hiba,44,NV,184,0.8815426997245179,0.9408149328477122
hiba,44,BCC,52,0.56,0.9041438437723267
hiba,44,AK,13,0.38095238095238093,0.9113897152571185
hiba,44,BKL,16,0.2909090909090909,0.8748259052924791
hiba,44,DF,11,0.14285714285714285,0.6710789210789211
hiba,44,VASC,16,0.6086956521739131,0.8046657381615598
hiba,44,SCC,31,0.2545454545454545,0.8598087021755438
pad,44,MEL,9,0.5714285714285714,0.9045204900718208
pad,44,NV,13,0.5,0.9337689337689339
pad,44,BCC,150,0.7379310344827587,0.8032786885245901
pad,44,AK,63,0.582089552238806,0.8331434647224121
pad,44,BKL,7,0.5,0.9460916442048518
pad,44,DF,0,,
pad,44,VASC,0,,
pad,44,SCC,30,0.0967741935483871,0.6225895316804408
hiba,45,MEL,40,0.5897435897435898,0.862987012987013
hiba,45,NV,83,0.7236842105263158,0.8829146372724942
hiba,45,BCC,62,0.6724137931034483,0.882775119617225
hiba,45,AK,11,0.20512820512820512,0.7388111888111888
hiba,45,BKL,15,0.21875,0.7690104166666667
hiba,45,DF,14,0.35294117647058826,0.8404669260700389
hiba,45,VASC,7,0.8333333333333334,0.9989177489177489
hiba,45,SCC,39,0.375,0.7997347480106101
pad,45,MEL,7,0.5714285714285714,0.9636363636363636
pad,45,NV,17,0.6666666666666666,0.9693673695893452
pad,45,BCC,155,0.6956521739130435,0.7754889509779019
pad,45,AK,62,0.6056338028169014,0.8187316715542522
pad,45,BKL,6,0.6,0.9909420289855072
pad,45,DF,0,,
pad,45,VASC,0,,
pad,45,SCC,35,0.3170731707317073,0.7110468478889531
hiba,46,MEL,46,0.5833333333333334,0.8280434782608695
hiba,46,NV,152,0.7728813559322034,0.8927699403147042
hiba,46,BCC,64,0.47619047619047616,0.8843085106382979
hiba,46,AK,18,0.19047619047619047,0.7439024390243902
hiba,46,BKL,23,0.3076923076923077,0.7140934176874411
hiba,46,DF,11,0.47619047619047616,0.7991858887381276
hiba,46,VASC,11,0.16666666666666666,0.6
hiba,46,SCC,21,0.23255813953488372,0.8057142857142857
pad,46,MEL,11,0.5882352941176471,0.9676767676767677
pad,46,NV,10,0.8571428571428571,0.9859778597785978
pad,46,BCC,165,0.6915254237288135,0.7675026123301985
pad,46,AK,55,0.5185185185185185,0.7838294448913917
pad,46,BKL,6,0.36363636363636365,0.9236363636363636
pad,46,DF,0,,
pad,46,VASC,0,,
pad,46,SCC,34,0.2222222222222222,0.6731364610621576
hiba,47,MEL,45,0.44155844155844154,0.8095486111111111
hiba,47,NV,123,0.7478991596638656,0.8974604914588472
hiba,47,BCC,61,0.5945945945945946,0.8767076502732241
hiba,47,AK,13,0.2,0.829059829059829
hiba,47,BKL,18,0.32432432432432434,0.8506085590891244
hiba,47,DF,13,0.13333333333333333,0.7294337606837606
hiba,47,VASC,5,0.3333333333333333,0.895945945945946
hiba,47,SCC,23,0.24390243902439024,0.7833906787613387
pad,47,MEL,8,0.3333333333333333,0.8842250922509226
pad,47,NV,11,0.6,0.9477611940298507
pad,47,BCC,161,0.6896551724137931,0.76468575639541
pad,47,AK,58,0.5616438356164384,0.8136994850990794
pad,47,BKL,7,0.38095238095238093,0.9159663865546218
pad,47,DF,0,,
pad,47,VASC,0,,
pad,47,SCC,34,0.14492753623188406,0.6145858343337335
hiba,48,MEL,54,0.49411764705882355,0.8226788432267884
hiba,48,NV,86,0.7759562841530054,0.9249471458773784
hiba,48,BCC,65,0.5892857142857143,0.8655325443786983
hiba,48,AK,7,0.08333333333333333,0.8523093447905479
hiba,48,BKL,18,0.37681159420289856,0.8616557734204793
hiba,48,DF,8,0.3076923076923077,0.9155660377358491
hiba,48,VASC,7,0.4444444444444444,0.8845327604726101
hiba,48,SCC,28,0.27450980392156865,0.7822157434402333
pad,48,MEL,5,0.2222222222222222,0.949090909090909
pad,48,NV,6,0.42857142857142855,0.8923357664233575
pad,48,BCC,159,0.6855123674911661,0.7746764384843285
pad,48,AK,59,0.5827814569536424,0.8589232303090728
pad,48,BKL,8,0.47619047619047616,0.9719669117647058
pad,48,DF,0,,
pad,48,VASC,0,,
pad,48,SCC,43,0.1951219512195122,0.5955745265430281
hiba,49,MEL,50,0.5652173913043478,0.8188888888888889
hiba,49,NV,152,0.6377952755905512,0.8499575551782683
hiba,49,BCC,64,0.5740740740740741,0.8891993613138687
hiba,49,AK,10,0.21052631578947367,0.8378048780487806
hiba,49,BKL,14,0.19047619047619047,0.8002645502645502
hiba,49,DF,11,0.14285714285714285,0.6561023074784542
hiba,49,VASC,10,0.5714285714285714,0.8667682926829268
hiba,49,SCC,27,0.19607843137254902,0.7750387042991544
pad,49,MEL,10,0.46153846153846156,0.9665413533834586
pad,49,NV,7,0.625,0.9952203929899097
pad,49,BCC,166,0.6855123674911661,0.7708926615553123
pad,49,AK,54,0.5074626865671642,0.8125625625625627
pad,49,BKL,8,0.4,0.9123134328358209
pad,49,DF,0,,
pad,49,VASC,0,,
pad,49,SCC,31,0.2716049382716049,0.7075049374588545
hiba,50,MEL,44,0.5882352941176471,0.8948785374405209
hiba,50,NV,206,0.8385416666666666,0.9415543641018209
hiba,50,BCC,83,0.5864661654135338,0.9284173731964898
hiba,50,AK,8,0.32432432432432434,0.8953634085213033
hiba,50,BKL,11,0.17721518987341772,0.8457300275482094
hiba,50,DF,11,0.13333333333333333,0.738751147842057
hiba,50,VASC,12,0.7368421052631579,0.9689873417721518
hiba,50,SCC,32,0.41935483870967744,0.8364166666666667
pad,50,MEL,9,0.6666666666666666,0.9675010979358805
pad,50,NV,9,0.5555555555555556,0.9863855950812472
pad,50,BCC,145,0.7137254901960784,0.8256999705275567
pad,50,AK,55,0.582089552238806,0.8207729468599034
pad,50,BKL,7,0.5454545454545454,0.942296918767507
pad,50,DF,0,,
pad,50,VASC,0,,
pad,50,SCC,37,0.2857142857142857,0.652912912912913
hiba,51,MEL,43,0.5526315789473685,0.8152454780361756
hiba,51,NV,123,0.7725321888412017,0.916260162601626
hiba,51,BCC,69,0.6825396825396826,0.9102518412924685
hiba,51,AK,10,0.36363636363636365,0.9013201320132014
hiba,51,BKL,23,0.3111111111111111,0.7652173913043477
hiba,51,DF,9,0.0,0.7002923976608186
hiba,51,VASC,6,0.5,0.9386536373507057
hiba,51,SCC,30,0.3137254901960784,0.8
pad,51,MEL,12,0.38095238095238093,0.9592074592074592
pad,51,NV,8,0.5714285714285714,0.9366379310344827
pad,51,BCC,178,0.6645161290322581,0.752879213483146
pad,51,AK,55,0.4788732394366197,0.7627010849233071
pad,51,BKL,11,0.5333333333333333,0.9749762432689262
pad,51,DF,0,,
pad,51,VASC,0,,
pad,51,SCC,34,0.1518987341772152,0.5659536541889483
hiba,52,MEL,44,0.5060240963855421,0.845551257253385
hiba,52,NV,76,0.6933333333333334,0.89091262639357
hiba,52,BCC,80,0.5801526717557252,0.8526381909547739
hiba,52,AK,5,0.0,0.745985401459854
hiba,52,BKL,22,0.2571428571428571,0.7212592854616201
hiba,52,DF,17,0.2727272727272727,0.8372249663224068
hiba,52,VASC,10,0.6666666666666666,0.9
hiba,52,SCC,25,0.2962962962962963,0.7675590551181103
pad,52,MEL,12,0.45454545454545453,0.9405172413793104
pad,52,NV,14,0.64,0.9747023809523809
pad,52,BCC,165,0.6533333333333333,0.7479761114797612
pad,52,AK,64,0.5655172413793104,0.808922006302521
pad,52,BKL,10,0.4,0.9308219178082191
pad,52,DF,0,,
pad,52,VASC,0,,
pad,52,SCC,37,0.21951219512195122,0.6055583885772565
hiba,53,MEL,52,0.5227272727272727,0.8277094652559337
hiba,53,NV,125,0.6363636363636364,0.8535102040816326
hiba,53,BCC,60,0.6126126126126126,0.8878671775223499
hiba,53,AK,9,0.14285714285714285,0.7845441595441596
hiba,53,BKL,26,0.3047619047619048,0.7846153846153846
hiba,53,DF,8,0.14285714285714285,0.8154952076677318
hiba,53,VASC,12,0.5882352941176471,0.9147788565264293
hiba,53,SCC,29,0.23728813559322035,0.8176665092111479
pad,53,MEL,9,0.6153846153846154,0.9638242894056848
pad,53,NV,10,0.6363636363636364,0.9233463035019456
pad,53,BCC,158,0.7067137809187279,0.7911392405063292
pad,53,AK,45,0.4918032786885246,0.81001001001001
pad,53,BKL,7,0.42105263157894735,0.9637362637362636
pad,53,DF,0,,
pad,53,VASC,0,,
pad,53,SCC,38,0.21333333333333335,0.6017007584463342
hiba,54,MEL,45,0.3950617283950617,0.8054951690821256
hiba,54,NV,222,0.8691588785046729,0.9407339276449224
hiba,54,BCC,69,0.6153846153846154,0.9248399056285811
hiba,54,AK,8,0.16666666666666666,0.8141975308641975
hiba,54,BKL,15,0.2191780821917808,0.8338358458961473
hiba,54,DF,18,0.46153846153846156,0.8554149085794656
hiba,54,VASC,7,0.7272727272727273,0.7733990147783252
hiba,54,SCC,29,0.3333333333333333,0.8689834770114941
pad,54,MEL,9,0.7058823529411765,0.9841849148418492
pad,54,NV,10,0.8421052631578947,0.9432234432234433
pad,54,BCC,168,0.7023411371237458,0.8002070393374742
pad,54,AK,54,0.49295774647887325,0.8091136988516902
pad,54,BKL,4,0.23529411764705882,0.9560931899641577
pad,54,DF,0,,
pad,54,VASC,0,,
pad,54,SCC,38,0.2222222222222222,0.6409774436090225
hiba,55,MEL,51,0.5454545454545454,0.8778694404591105
hiba,55,NV,178,0.8465909090909091,0.9192800044720218
hiba,55,BCC,70,0.5254237288135594,0.8882108183079058
hiba,55,AK,13,0.21621621621621623,0.8333333333333333
hiba,55,BKL,21,0.25316455696202533,0.7648310720936419
hiba,55,DF,13,0.4,0.7454812946616225
hiba,55,VASC,8,0.4,0.6418463611859837
hiba,55,SCC,25,0.2222222222222222,0.7380790960451977
pad,55,MEL,12,0.375,0.9017361111111111
pad,55,NV,12,0.6086956521739131,0.9829861111111111
pad,55,BCC,146,0.7286245353159851,0.7837296459033343
pad,55,AK,45,0.5689655172413793,0.855823939881911
pad,55,BKL,5,0.19047619047619047,0.7854251012145749
pad,55,DF,0,,
pad,55,VASC,0,,
pad,55,SCC,32,0.3728813559322034,0.7538352272727273
hiba,56,MEL,61,0.6296296296296297,0.8865167111449993
hiba,56,NV,132,0.7642276422764228,0.8902122832604116
hiba,56,BCC,58,0.5544554455445545,0.8659003831417624
hiba,56,AK,11,0.12121212121212122,0.8485832349468713
hiba,56,BKL,19,0.2465753424657534,0.7621052631578946
hiba,56,DF,9,0.2857142857142857,0.6236559139784946
hiba,56,VASC,12,0.6666666666666666,0.9427252985884909
hiba,56,SCC,17,0.2222222222222222,0.843786521231009
pad,56,MEL,11,0.25,0.8998682476943346
pad,56,NV,12,0.72,0.9821212121212122
pad,56,BCC,162,0.697986577181208,0.7661234567901235
pad,56,AK,67,0.5314685314685315,0.7764586160108549
pad,56,BKL,7,0.32,0.861734693877551
pad,56,DF,0,,
pad,56,VASC,0,,
pad,56,SCC,28,0.208955223880597,0.6540264754550469
hiba,57,MEL,43,0.44155844155844154,0.823330832708177
hiba,57,NV,219,0.8584686774941995,0.9179712981082844
hiba,57,BCC,73,0.5891472868217055,0.9198910518304895
hiba,57,AK,14,0.11428571428571428,0.7586391164944781
hiba,57,BKL,18,0.28169014084507044,0.8492863140218303
hiba,57,DF,12,0.42105263157894735,0.7276674937965261
hiba,57,VASC,14,0.6666666666666666,0.819380121125757
hiba,57,SCC,22,0.2127659574468085,0.778972935461485
pad,57,MEL,7,0.6,0.87984496124031
pad,57,NV,11,0.8571428571428571,0.9563350035790981
pad,57,BCC,142,0.7265917602996255,0.8022443604717738
pad,57,AK,64,0.6122448979591837,0.8282027363184079
pad,57,BKL,7,0.35294117647058826,0.8992248062015504
pad,57,DF,0,,
pad,57,VASC,0,,
pad,57,SCC,34,0.23529411764705882,0.6633562515915458
hiba,58,MEL,46,0.49411764705882355,0.8293891029168959
hiba,58,NV,185,0.7963525835866262,0.9206291036799512
hiba,58,BCC,58,0.6017699115044248,0.8999546279491832
hiba,58,AK,13,0.13333333333333333,0.7943575049592242
hiba,58,BKL,18,0.23655913978494625,0.8189599483204135
hiba,58,DF,9,0.18181818181818182,0.6389675794774945
hiba,58,VASC,11,0.7777777777777778,0.9194509194509194
hiba,58,SCC,22,0.26666666666666666,0.8116310160427808
pad,58,MEL,13,0.43478260869565216,0.8867600800686303
pad,58,NV,21,0.6341463414634146,0.9416164933406312
pad,58,BCC,158,0.6666666666666666,0.7789148632094732
pad,58,AK,47,0.5223880597014925,0.8381620642824807
pad,58,BKL,9,0.4444444444444444,0.9104599104599105
pad,58,DF,0,,
pad,58,VASC,0,,
pad,58,SCC,34,0.17391304347826086,0.59938330170778
hiba,59,MEL,58,0.5686274509803921,0.7956483013105994
hiba,59,NV,142,0.8424908424908425,0.9315733976048806
hiba,59,BCC,64,0.6545454545454545,0.913561320754717
hiba,59,AK,12,0.22857142857142856,0.9127234490010515
hiba,59,BKL,11,0.21875,0.8773584905660377
hiba,59,DF,7,0.15384615384615385,0.7755102040816326
hiba,59,VASC,7,0.4444444444444444,0.9693877551020408
hiba,59,SCC,28,0.34615384615384615,0.8393450403417181
pad,59,MEL,6,0.36363636363636365,0.8759842519685039
pad,59,NV,10,0.7058823529411765,0.932
pad,59,BCC,163,0.6947368421052632,0.7769274555689079
pad,59,AK,46,0.4918032786885246,0.7941385615603413
pad,59,BKL,8,0.43478260869565216,0.9345238095238094
pad,59,DF,0,,
pad,59,VASC,0,,
pad,59,SCC,27,0.1935483870967742,0.665792401843904
hiba,60,MEL,45,0.5454545454545454,0.8355909694555113
hiba,60,NV,123,0.8145161290322581,0.9134827764462616
hiba,60,BCC,60,0.6181818181818182,0.9048022598870056
hiba,60,AK,6,0.2222222222222222,0.9063218390804597
hiba,60,BKL,15,0.3492063492063492,0.7990510083036774
hiba,60,DF,14,0.42105263157894735,0.7869807497467072
hiba,60,VASC,7,0.25,0.8556599110232328
hiba,60,SCC,26,0.3673469387755102,0.8210826210826211
pad,60,MEL,11,0.6666666666666666,0.9353869271224642
pad,60,NV,9,0.625,0.9171220400728597
pad,60,BCC,148,0.6988847583643123,0.7827541827541827
pad,60,AK,51,0.4915254237288136,0.7827120947388856
pad,60,BKL,4,0.3333333333333333,0.9618473895582329
pad,60,DF,0,,
pad,60,VASC,0,,
pad,60,SCC,30,0.1875,0.626831091180867
hiba,61,MEL,47,0.5434782608695652,0.8574213783165212
hiba,61,NV,110,0.6382978723404256,0.8748065764023212
hiba,61,BCC,61,0.509090909090909,0.8316386525558552
hiba,61,AK,10,0.0,0.8072916666666667
hiba,61,BKL,19,0.29545454545454547,0.8392756083757782
hiba,61,DF,12,0.3333333333333333,0.6561771561771561
hiba,61,VASC,18,0.7142857142857143,0.8591269841269841
hiba,61,SCC,21,0.2978723404255319,0.8299810899088877
pad,61,MEL,12,0.375,0.9154228855721392
pad,61,NV,13,0.72,0.9495822529530396
pad,61,BCC,163,0.6986301369863014,0.773792669498191
pad,61,AK,48,0.5396825396825397,0.8202227011494252
pad,61,BKL,8,0.5217391304347826,0.9494485294117647
pad,61,DF,0,,
pad,61,VASC,0,,
pad,61,SCC,36,0.28205128205128205,0.6895491803278688
hiba,62,MEL,50,0.4772727272727273,0.80992700729927
hiba,62,NV,126,0.6694915254237288,0.8680054513387847
hiba,62,BCC,70,0.5084745762711864,0.8474128233970754
hiba,62,AK,16,0.21052631578947367,0.7187499999999999
hiba,62,BKL,14,0.1839080459770115,0.7988479262672811
hiba,62,DF,12,0.35294117647058826,0.6677350427350427
hiba,62,VASC,10,0.46153846153846156,0.6656050955414012
hiba,62,SCC,26,0.11764705882352941,0.7323180175529169
pad,62,MEL,10,0.5,0.9696551724137932
pad,62,NV,6,0.46153846153846156,0.9382086167800454
pad,62,BCC,187,0.7433628318584071,0.815886612086508
pad,62,AK,53,0.47761194029850745,0.8225880375830723
pad,62,BKL,9,0.4827586206896552,0.9793814432989691
pad,62,DF,0,,
pad,62,VASC,0,,
pad,62,SCC,35,0.08695652173913043,0.539622641509434
hiba,63,MEL,53,0.4791666666666667,0.8187702265372169
hiba,63,NV,169,0.7888198757763976,0.902474169911396
hiba,63,BCC,71,0.5891472868217055,0.8909055708823388
hiba,63,AK,8,0.27586206896551724,0.9357344632768362
hiba,63,BKL,17,0.2777777777777778,0.7616368286445012
hiba,63,DF,13,0.25,0.7346264051135112
hiba,63,VASC,6,0.2857142857142857,0.6863295880149812
hiba,63,SCC,25,0.18867924528301888,0.8113946587537092
pad,63,MEL,9,0.4,0.8801274392672241
pad,63,NV,10,0.6086956521739131,0.9330935251798561
pad,63,BCC,173,0.7009646302250804,0.7469967328474492
pad,63,AK,52,0.5161290322580645,0.8073256192959584
pad,63,BKL,8,0.5,0.9772321428571429
pad,63,DF,0,,
pad,63,VASC,0,,
pad,63,SCC,36,0.17721518987341772,0.6033950617283951
hiba,64,MEL,57,0.43478260869565216,0.8182842427168839
hiba,64,NV,78,0.6792452830188679,0.8699075881816999
hiba,64,BCC,62,0.5686274509803921,0.850598212933515
hiba,64,AK,5,0.12903225806451613,0.7948148148148149
hiba,64,BKL,20,0.3287671232876712,0.7845098039215687
hiba,64,DF,16,0.34782608695652173,0.7883687258687259
hiba,64,VASC,11,0.7058823529411765,0.8880853994490358
hiba,64,SCC,26,0.11320754716981132,0.7210379981464319
pad,64,MEL,10,0.4,0.968561872909699
pad,64,NV,10,0.45454545454545453,0.925418060200669
pad,64,BCC,179,0.6833855799373041,0.7526214009454233
pad,64,AK,58,0.49333333333333335,0.7827311443879654
pad,64,BKL,7,0.36363636363636365,0.9049195837275307
pad,64,DF,0,,
pad,64,VASC,0,,
pad,64,SCC,45,0.2222222222222222,0.633375420875421
hiba,65,MEL,58,0.49019607843137253,0.8203424329501916
hiba,65,NV,171,0.7586206896551724,0.8690058479532163
hiba,65,BCC,52,0.5473684210526316,0.8810177917320775
hiba,65,AK,9,0.25806451612903225,0.8869106495219254
hiba,65,BKL,16,0.273972602739726,0.8340909090909091
hiba,65,DF,4,0.0,0.5409356725146199
hiba,65,VASC,12,0.6666666666666666,0.8001497005988024
hiba,65,SCC,24,0.2127659574468085,0.8215579710144928
pad,65,MEL,5,0.3333333333333333,0.9522058823529412
pad,65,NV,5,0.5454545454545454,0.988970588235294
pad,65,BCC,169,0.743421052631579,0.8017203594126671
pad,65,AK,56,0.5734265734265734,0.8345184227537169
pad,65,BKL,12,0.5333333333333333,0.9157232704402516
pad,65,DF,0,,
pad,65,VASC,0,,
pad,65,SCC,30,0.13333333333333333,0.6229419703103913
hiba,66,MEL,52,0.6021505376344086,0.8456896551724138
hiba,66,NV,155,0.8269230769230769,0.8940486458513024
hiba,66,BCC,59,0.5471698113207547,0.8827334251661976
hiba,66,AK,17,0.16216216216216217,0.7236199095022624
hiba,66,BKL,14,0.2545454545454545,0.8279616724738676
hiba,66,DF,9,0.16666666666666666,0.6720053386720053
hiba,66,VASC,12,0.5,0.6914141414141415
hiba,66,SCC,24,0.37735849056603776,0.8529874213836479
pad,66,MEL,7,0.6153846153846154,0.9644204851752022
pad,66,NV,9,0.42105263157894735,0.9167722855935784
pad,66,BCC,159,0.6807017543859649,0.7173429064395838
pad,66,AK,49,0.48854961832061067,0.7734053262560628
pad,66,BKL,5,0.3076923076923077,0.852434456928839
pad,66,DF,0,,
pad,66,VASC,0,,
pad,66,SCC,43,0.24096385542168675,0.6128262414948715
hiba,67,MEL,52,0.5360824742268041,0.8464209401709402
hiba,67,NV,70,0.6618705035971223,0.8931457431457432
hiba,67,BCC,77,0.631578947368421,0.8734616169171143
hiba,67,AK,7,0.0625,0.8505747126436781
hiba,67,BKL,10,0.2127659574468085,0.7507751937984497
hiba,67,DF,13,0.25,0.6313725490196078
hiba,67,VASC,8,0.6666666666666666,0.8865384615384616
hiba,67,SCC,31,0.3333333333333333,0.7969239145229345
pad,67,MEL,7,0.2222222222222222,0.9378446115288221
pad,67,NV,18,0.6060606060606061,0.9748580697485807
pad,67,BCC,168,0.6620689655172414,0.7630088325652842
pad,67,AK,60,0.5540540540540541,0.8218390804597702
pad,67,BKL,10,0.4666666666666667,0.947872340425532
pad,67,DF,0,,
pad,67,VASC,0,,
pad,67,SCC,29,0.24324324324324326,0.6676281631047594
hiba,68,MEL,45,0.5617977528089888,0.8530644523527087
hiba,68,NV,126,0.7786885245901639,0.9148412698412698
hiba,68,BCC,75,0.5625,0.8788313413014609
hiba,68,AK,12,0.2702702702702703,0.8601380042462845
hiba,68,BKL,12,0.13793103448275862,0.695859872611465
hiba,68,DF,15,0.34782608695652173,0.7721329046087889
hiba,68,VASC,7,0.8333333333333334,0.8808777429467084
hiba,68,SCC,34,0.22950819672131148,0.7846494762288477
pad,68,MEL,7,0.36363636363636365,0.9567869852567361
pad,68,NV,5,0.36363636363636365,0.9519434628975265
pad,68,BCC,179,0.7080745341614907,0.7757162626210855
pad,68,AK,50,0.49624060150375937,0.8145378151260504
pad,68,BKL,9,0.5454545454545454,0.9012345679012346
pad,68,DF,0,,
pad,68,VASC,0,,
pad,68,SCC,38,0.2857142857142857,0.6381052631578947
hiba,69,MEL,52,0.4819277108433735,0.8261585509291932
hiba,69,NV,189,0.8033707865168539,0.9028125870231133
hiba,69,BCC,71,0.5378151260504201,0.9021858423266874
hiba,69,AK,15,0.2857142857142857,0.8560439560439561
hiba,69,BKL,19,0.2857142857142857,0.8255847953216374
hiba,69,DF,11,0.35294117647058826,0.7327075098814229
hiba,69,VASC,2,0.0,0.9403183023872679
hiba,69,SCC,20,0.36363636363636365,0.8646239554317549
pad,69,MEL,10,0.6666666666666666,0.9065134099616858
pad,69,NV,11,0.64,0.9125874125874126
pad,69,BCC,149,0.6985294117647058,0.7975024755198592
pad,69,AK,51,0.5210084033613446,0.8058823529411765
pad,69,BKL,11,0.5161290322580645,0.9370629370629371
pad,69,DF,0,,
pad,69,VASC,0,,
pad,69,SCC,39,0.275,0.6847922192749778
hiba,70,MEL,53,0.5531914893617021,0.8281967575942013
hiba,70,NV,191,0.8108108108108109,0.8969643824310731
hiba,70,BCC,74,0.5354330708661418,0.9021959459459459
hiba,70,AK,17,0.14285714285714285,0.7359962552660322
hiba,70,BKL,15,0.24096385542168675,0.8469656992084433
hiba,70,DF,10,0.4,0.6596354166666666
hiba,70,VASC,7,0.0,0.6005906238464378
hiba,70,SCC,27,0.28,0.8188515490967807
pad,70,MEL,9,0.5555555555555556,0.961915979583824
pad,70,NV,12,0.5714285714285714,0.9383928571428573
pad,70,BCC,169,0.6973684210526315,0.7434454226199068
pad,70,AK,61,0.5793103448275863,0.8127528209495423
pad,70,BKL,8,0.47619047619047616,0.9388204225352113
pad,70,DF,0,,
pad,70,VASC,0,,
pad,70,SCC,33,0.16,0.584942084942085
hiba,71,MEL,39,0.5063291139240507,0.828335506301608
hiba,71,NV,206,0.8666666666666667,0.9407351643216862
hiba,71,BCC,75,0.5873015873015873,0.9116561844863732
hiba,71,AK,14,0.34146341463414637,0.877497173011685
hiba,71,BKL,18,0.24324324324324326,0.804888888888889
hiba,71,DF,7,0.3333333333333333,0.8356772760917839
hiba,71,VASC,10,0.5714285714285714,0.895822454308094
hiba,71,SCC,24,0.08,0.7366757000903342
pad,71,MEL,9,0.42857142857142855,0.9772629772629772
pad,71,NV,12,0.5454545454545454,0.9798177083333334
pad,71,BCC,159,0.684931506849315,0.744359817667763
pad,71,AK,44,0.5263157894736842,0.830661525974026
pad,71,BKL,9,0.35714285714285715,0.879021879021879
pad,71,DF,0,,
pad,71,VASC,0,,
pad,71,SCC,35,0.2727272727272727,0.7416922133660331
hiba,72,MEL,52,0.5617977528089888,0.8537646099483556
hiba,72,NV,127,0.8163265306122449,0.9258403997577226
hiba,72,BCC,82,0.6197183098591549,0.8955943314373855
hiba,72,AK,13,0.15789473684210525,0.7687529861442906
hiba,72,BKL,17,0.2972972972972973,0.8120606733259341
hiba,72,DF,4,0.2857142857142857,0.8927492447129909
hiba,72,VASC,8,0.6666666666666666,0.8646788990825688
hiba,72,SCC,32,0.2857142857142857,0.816006600660066
pad,72,MEL,12,0.5555555555555556,0.8958333333333334
pad,72,NV,11,0.5714285714285714,0.9733599733599734
pad,72,BCC,174,0.7192429022082019,0.7706635318704285
pad,72,AK,51,0.49206349206349204,0.7849028023226459
pad,72,BKL,8,0.43478260869565216,0.9356884057971013
pad,72,DF,0,,
pad,72,VASC,0,,
pad,72,SCC,28,0.19047619047619047,0.6589704241071429
hiba,73,MEL,38,0.5679012345679012,0.857327141382869
hiba,73,NV,144,0.8788927335640139,0.9438541666666667
hiba,73,BCC,76,0.546875,0.8908582089552239
hiba,73,AK,10,0.17142857142857143,0.890119760479042
hiba,73,BKL,21,0.2647058823529412,0.8071649712516585
hiba,73,DF,10,0.4,0.8377245508982036
hiba,73,VASC,13,0.5555555555555556,0.8103648617243784
hiba,73,SCC,32,0.25925925925925924,0.7927684294871795
pad,73,MEL,6,0.5,0.877104377104377
pad,73,NV,13,0.6086956521739131,0.9718832891246685
pad,73,BCC,179,0.6816720257234726,0.7868985402775275
pad,73,AK,63,0.5798816568047337,0.8617063492063491
pad,73,BKL,10,0.5517241379310345,0.9450511945392491
pad,73,DF,0,,
pad,73,VASC,0,,
pad,73,SCC,32,0.21212121212121213,0.6380304428044281
hiba,74,MEL,58,0.5945945945945946,0.8306565895134624
hiba,74,NV,147,0.7142857142857143,0.8735297074494822
hiba,74,BCC,66,0.5357142857142857,0.8711587708066582
hiba,74,AK,14,0.25,0.8624574829931972
hiba,74,BKL,15,0.1348314606741573,0.6457711442786069
hiba,74,DF,9,0.2,0.8602150537634409
hiba,74,VASC,12,0.8,0.9898915187376726
hiba,74,SCC,29,0.3333333333333333,0.8342464281877753
pad,74,MEL,13,0.35294117647058826,0.9059233449477352
pad,74,NV,12,0.4166666666666667,0.9603587962962963
pad,74,BCC,173,0.6772151898734177,0.7598880342269355
pad,74,AK,63,0.5733333333333334,0.849641685084723
pad,74,BKL,8,0.41379310344827586,0.973458904109589
pad,74,DF,0,,
pad,74,VASC,0,,
pad,74,SCC,31,0.21875,0.7029020266218972
hiba,75,MEL,54,0.5057471264367817,0.8255675029868579
hiba,75,NV,134,0.753968253968254,0.871002132196162
hiba,75,BCC,44,0.5301204819277109,0.8945560253699789
hiba,75,AK,10,0.11764705882352941,0.7202054794520548
hiba,75,BKL,13,0.14084507042253522,0.7330316742081449
hiba,75,DF,10,0.2857142857142857,0.5602739726027397
hiba,75,VASC,9,0.2,0.5915813424345847
hiba,75,SCC,28,0.33962264150943394,0.8370698644421272
pad,75,MEL,11,0.5882352941176471,0.9623140495867768
pad,75,NV,14,0.7333333333333333,0.9913340336134453
pad,75,BCC,155,0.71280276816609,0.797168185176065
pad,75,AK,58,0.5185185185185185,0.7806261343012704
pad,75,BKL,10,0.48,0.8934782608695653
pad,75,DF,0,,
pad,75,VASC,0,,
pad,75,SCC,38,0.2894736842105263,0.6282364176570459
hiba,76,MEL,51,0.45454545454545453,0.8063725490196079
hiba,76,NV,118,0.7841409691629956,0.919857179729846
hiba,76,BCC,75,0.59375,0.8903333333333333
hiba,76,AK,14,0.22857142857142856,0.8232083531086853
hiba,76,BKL,19,0.25,0.8159672830725463
hiba,76,DF,10,0.23529411764705882,0.8563934426229509
hiba,76,VASC,8,0.5454545454545454,0.8892508143322475
hiba,76,SCC,20,0.13636363636363635,0.7684745762711864
pad,76,MEL,8,0.42857142857142855,0.8871268656716419
pad,76,NV,10,0.6666666666666666,0.9327067669172933
pad,76,BCC,155,0.6925795053003534,0.7786990135963743
pad,76,AK,60,0.5571428571428572,0.8181712962962964
pad,76,BKL,8,0.38095238095238093,0.9286380597014925
pad,76,DF,0,,
pad,76,VASC,0,,
pad,76,SCC,35,0.273972602739726,0.6301126259632484
hiba,77,MEL,46,0.46511627906976744,0.7815408085430969
hiba,77,NV,164,0.742671009771987,0.8606689060902586
hiba,77,BCC,64,0.5769230769230769,0.9089419475655431
hiba,77,AK,5,0.18181818181818182,0.8993865030674846
hiba,77,BKL,14,0.175,0.7561964849031095
hiba,77,DF,17,0.21052631578947367,0.7650805545147995
hiba,77,VASC,7,0.6,0.6816578483245149
hiba,77,SCC,14,0.17647058823529413,0.8346101847679135
pad,77,MEL,4,0.2857142857142857,0.9558303886925794
pad,77,NV,16,0.7333333333333333,0.9651752767527675
pad,77,BCC,169,0.7123287671232876,0.8132083040818375
pad,77,AK,54,0.5942028985507246,0.8584485773326974
pad,77,BKL,12,0.4827586206896552,0.949090909090909
pad,77,DF,0,,
pad,77,VASC,0,,
pad,77,SCC,32,0.20512820512820512,0.6866421568627452
hiba,78,MEL,55,0.48936170212765956,0.8360813099943535
hiba,78,NV,188,0.841225626740947,0.9142181695373185
hiba,78,BCC,56,0.5576923076923077,0.9159434801958166
hiba,78,AK,13,0.3333333333333333,0.8909551986475063
hiba,78,BKL,21,0.22784810126582278,0.7631086142322097
hiba,78,DF,9,0.0,0.6083937198067633
hiba,78,VASC,12,0.8571428571428571,0.9942922374429224
hiba,78,SCC,23,0.20833333333333334,0.8167526406288381
pad,78,MEL,11,0.5882352941176471,0.971830985915493
pad,78,NV,5,0.5333333333333333,0.896551724137931
pad,78,BCC,159,0.6879432624113475,0.7823251942286349
pad,78,AK,77,0.6292134831460674,0.8290241868223518
pad,78,BKL,4,0.2857142857142857,0.9699312714776632
pad,78,DF,0,,
pad,78,VASC,0,,
pad,78,SCC,39,0.2597402597402597,0.7135416666666667
hiba,79,MEL,43,0.42857142857142855,0.8352397545640481
hiba,79,NV,164,0.7774086378737541,0.9070613690007868
hiba,79,BCC,68,0.5714285714285714,0.9000834376303712
hiba,79,AK,13,0.32432432432432434,0.8137411549874458
hiba,79,BKL,10,0.16216216216216217,0.7726470588235294
hiba,79,DF,13,0.3333333333333333,0.7153617895457658
hiba,79,VASC,14,0.6,0.7829506802721089
hiba,79,SCC,25,0.3333333333333333,0.8135384615384615
pad,79,MEL,8,0.7142857142857143,0.915
pad,79,NV,11,0.6923076923076923,0.9508689839572192
pad,79,BCC,168,0.6801346801346801,0.7610766045548655
pad,79,AK,53,0.5151515151515151,0.7938474159146842
pad,79,BKL,4,0.47058823529411764,0.985663082437276
pad,79,DF,0,,
pad,79,VASC,0,,
pad,79,SCC,39,0.25,0.6321984026902059
hiba,80,MEL,49,0.49411764705882355,0.8541125541125542
hiba,80,NV,206,0.7642276422764228,0.8917167068859083
hiba,80,BCC,56,0.574468085106383,0.9066231755860239
hiba,80,AK,6,0.1935483870967742,0.9352100089365505
hiba,80,BKL,20,0.19801980198019803,0.7573816155988857
hiba,80,DF,9,0.0,0.551051051051051
hiba,80,VASC,11,0.42857142857142855,0.908102766798419
hiba,80,SCC,22,0.33962264150943394,0.8502673796791443
pad,80,MEL,8,0.42857142857142855,0.8909482758620689
pad,80,NV,9,0.7058823529411765,0.9938485198000769
pad,80,BCC,181,0.6918238993710691,0.7589601926618501
pad,80,AK,54,0.5,0.787302671523983
pad,80,BKL,10,0.41379310344827586,0.9118055555555555
pad,80,DF,0,,
pad,80,VASC,0,,
pad,80,SCC,36,0.1891891891891892,0.6194868532654791
hiba,81,MEL,53,0.5192307692307693,0.812638514525307
hiba,81,NV,182,0.8421052631578947,0.9151896490606168
hiba,81,BCC,54,0.6185567010309279,0.9056970983722576
hiba,81,AK,10,0.17647058823529413,0.8648044692737431
hiba,81,BKL,21,0.32786885245901637,0.7437903115136545
hiba,81,DF,11,0.125,0.6834733893557423
hiba,81,VASC,14,0.5263157894736842,0.7933817594834545
hiba,81,SCC,23,0.22727272727272727,0.8274732199117832
pad,81,MEL,10,0.625,0.921875
pad,81,NV,12,0.64,0.9510489510489512
pad,81,BCC,168,0.7171052631578947,0.7960622710622711
pad,81,AK,63,0.5859872611464968,0.8398514015535291
pad,81,BKL,6,0.5555555555555556,0.9885844748858448
pad,81,DF,0,,
pad,81,VASC,0,,
pad,81,SCC,39,0.18421052631578946,0.6245916245916247
hiba,82,MEL,52,0.42696629213483145,0.7896814006888634
hiba,82,NV,139,0.751937984496124,0.8826264954886921
hiba,82,BCC,58,0.6274509803921569,0.9054356409581469
hiba,82,AK,13,0.27586206896551724,0.8436482084690554
hiba,82,BKL,18,0.2608695652173913,0.7577262693156732
hiba,82,DF,12,0.3157894736842105,0.5854978354978355
hiba,82,VASC,5,0.3333333333333333,0.9104761904761904
hiba,82,SCC,23,0.26666666666666666,0.7831942614551309
pad,82,MEL,10,0.5714285714285714,0.961744966442953
pad,82,NV,12,0.6956521739130435,0.9704391891891891
pad,82,BCC,178,0.6645962732919255,0.7371650821089023
pad,82,AK,57,0.5,0.7996085832110156
pad,82,BKL,8,0.4,0.9408333333333333
pad,82,DF,0,,
pad,82,VASC,0,,
pad,82,SCC,43,0.18421052631578946,0.5919262834576569
hiba,83,MEL,46,0.44155844155844154,0.8280936454849499
hiba,83,NV,115,0.7533632286995515,0.8896881402230822
hiba,83,BCC,62,0.5982905982905983,0.8934426229508197
hiba,83,AK,15,0.25,0.8332187857961054
hiba,83,BKL,17,0.32,0.8302462853653573
hiba,83,DF,13,0.3333333333333333,0.7217117353636124
hiba,83,VASC,7,0.6,0.9722885809842331
hiba,83,SCC,31,0.34615384615384615,0.8236950146627567
pad,83,MEL,9,0.5333333333333333,0.9702000851426139
pad,83,NV,12,0.7272727272727273,0.9431524547803618
pad,83,BCC,151,0.7185185185185186,0.7977628137347654
pad,83,AK,52,0.5303030303030303,0.7885497529992942
pad,83,BKL,9,0.43478260869565216,0.8739889314601959
pad,83,DF,0,,
pad,83,VASC,0,,
pad,83,SCC,37,0.20512820512820512,0.6072381394269807
hiba,84,MEL,42,0.5,0.8596059113300493
hiba,84,NV,144,0.689922480620155,0.8586731678486998
hiba,84,BCC,54,0.6470588235294118,0.9024780175859314
hiba,84,AK,16,0.15,0.6760284810126582
hiba,84,BKL,20,0.25263157894736843,0.7439102564102564
hiba,84,DF,17,0.2857142857142857,0.7404295051353875
hiba,84,VASC,10,0.0,0.6462732919254658
hiba,84,SCC,29,0.3103448275862069,0.7933310572436554
pad,84,MEL,8,0.36363636363636365,0.9593023255813954
pad,84,NV,11,0.6666666666666666,0.9807486631016042
pad,84,BCC,155,0.7402135231316725,0.7999418773612321
pad,84,AK,52,0.5909090909090909,0.8554097771387491
pad,84,BKL,9,0.5185185185185185,0.9252053610030263
pad,84,DF,0,,
pad,84,VASC,0,,
pad,84,SCC,31,0.2807017543859649,0.76238846945779
hiba,85,MEL,59,0.5925925925925926,0.8544094279661018
hiba,85,NV,125,0.7932489451476793,0.9324210526315789
hiba,85,BCC,60,0.5742574257425742,0.8795424836601308
hiba,85,AK,13,0.2631578947368421,0.8188996434029546
hiba,85,BKL,16,0.2647058823529412,0.771948160535117
hiba,85,DF,10,0.13333333333333333,0.719344262295082
hiba,85,VASC,6,0.5,0.8425026968716289
hiba,85,SCC,26,0.32727272727272727,0.8206015437849348
pad,85,MEL,11,0.5,0.9191546460919154
pad,85,NV,11,0.8,0.9751761153975177
pad,85,BCC,163,0.698961937716263,0.7820023715007476
pad,85,AK,57,0.5633802816901409,0.8119298245614035
pad,85,BKL,8,0.6086956521739131,0.9822080291970803
pad,85,DF,0,,
pad,85,VASC,0,,
pad,85,SCC,32,0.24324324324324326,0.6768124999999999
hiba,86,MEL,52,0.4888888888888889,0.8181111341488699
hiba,86,NV,229,0.8473804100227791,0.928577859811822
hiba,86,BCC,66,0.5614035087719298,0.9149477973007385
hiba,86,AK,14,0.24242424242424243,0.8836884387006636
hiba,86,BKL,15,0.13953488372093023,0.7027777777777778
hiba,86,DF,9,0.18181818181818182,0.7273215244229737
hiba,86,VASC,9,0.36363636363636365,0.7885131508319914
hiba,86,SCC,29,0.25806451612903225,0.7926658498162087
pad,86,MEL,8,0.42857142857142855,0.8933270676691729
pad,86,NV,12,0.45454545454545453,0.9112595419847328
pad,86,BCC,157,0.6832740213523132,0.7649300451848222
pad,86,AK,57,0.5,0.7982456140350876
pad,86,BKL,10,0.5517241379310345,0.9075757575757576
pad,86,DF,0,,
pad,86,VASC,0,,
pad,86,SCC,30,0.18181818181818182,0.6116803278688525
hiba,87,MEL,51,0.4819277108433735,0.8742013659396343
hiba,87,NV,109,0.6169154228855721,0.8615951889732671
hiba,87,BCC,65,0.5714285714285714,0.8809364548494982
hiba,87,AK,17,0.0975609756097561,0.6761774477232754
hiba,87,BKL,18,0.2,0.7175925925925926
hiba,87,DF,18,0.17391304347826086,0.6864814814814815
hiba,87,VASC,10,0.6666666666666666,0.7584415584415585
hiba,87,SCC,30,0.3333333333333333,0.8282407407407407
pad,87,MEL,9,0.5,0.9562289562289563
pad,87,NV,14,0.7586206896551724,0.9553226696083839
pad,87,BCC,168,0.740983606557377,0.802749433106576
pad,87,AK,52,0.5271317829457365,0.781848242255482
pad,87,BKL,3,0.14285714285714285,0.9419753086419753
pad,87,DF,0,,
pad,87,VASC,0,,
pad,87,SCC,27,0.07017543859649122,0.6000451671183378
hiba,88,MEL,49,0.5681818181818182,0.8353053283570236
hiba,88,NV,120,0.6991150442477876,0.866442652329749
hiba,88,BCC,57,0.6226415094339622,0.9036144578313253
hiba,88,AK,13,0.18181818181818182,0.8280388553426097
hiba,88,BKL,19,0.2631578947368421,0.7533467815881166
hiba,88,DF,17,0.4166666666666667,0.7850600447791574
hiba,88,VASC,9,0.7142857142857143,0.8286569397680509
hiba,88,SCC,22,0.3111111111111111,0.8140204865556978
pad,88,MEL,9,0.15384615384615385,0.8865331762858265
pad,88,NV,9,0.5882352941176471,0.9316843345111896
pad,88,BCC,167,0.6576271186440678,0.7526467065868264
pad,88,AK,60,0.5128205128205128,0.798096264367816
pad,88,BKL,7,0.3076923076923077,0.9238095238095239
pad,88,DF,0,,
pad,88,VASC,0,,
pad,88,SCC,40,0.18181818181818182,0.5877976190476191
hiba,89,MEL,45,0.5217391304347826,0.8643894778170397
hiba,89,NV,133,0.7213114754098361,0.8838635049161365
hiba,89,BCC,71,0.6178861788617886,0.9070532142269963
hiba,89,AK,7,0.21428571428571427,0.8744993324432577
hiba,89,BKL,24,0.23529411764705882,0.7261513157894737
hiba,89,DF,13,0.3157894736842105,0.68009768009768
hiba,89,VASC,10,0.46153846153846156,0.6918238993710693
hiba,89,SCC,25,0.2692307692307692,0.8477887788778878
pad,89,MEL,9,0.75,0.9632383312680711
pad,89,NV,12,0.5,0.9398496240601503
pad,89,BCC,166,0.7058823529411765,0.8013123924268503
pad,89,AK,51,0.5285714285714286,0.8172238058218881
pad,89,BKL,5,0.3333333333333333,0.8791208791208791
pad,89,DF,0,,
pad,89,VASC,0,,
pad,89,SCC,35,0.2465753424657534,0.657142857142857
hiba,90,MEL,53,0.5544554455445545,0.8606421714664018
hiba,90,NV,152,0.753731343283582,0.9182937181663837
hiba,90,BCC,59,0.5607476635514018,0.8956928497661139
hiba,90,AK,15,0.1951219512195122,0.8476780185758513
hiba,90,BKL,13,0.21428571428571427,0.8582248520710059
hiba,90,DF,11,0.42857142857142855,0.8381984987489575
hiba,90,VASC,9,0.7142857142857143,0.8250591016548464
hiba,90,SCC,26,0.2553191489361702,0.7752712031558185
pad,90,MEL,11,0.375,0.9131016042780749
pad,90,NV,11,0.6086956521739131,0.9822860962566845
pad,90,BCC,148,0.6691176470588235,0.7794294294294295
pad,90,AK,65,0.5714285714285714,0.8273112208892025
pad,90,BKL,12,0.5806451612903226,0.9428044280442804
pad,90,DF,0,,
pad,90,VASC,0,,
pad,90,SCC,36,0.2597402597402597,0.7260458839406208
hiba,91,MEL,53,0.5434782608695652,0.83519199469528
hiba,91,NV,182,0.7323076923076923,0.8681318681318682
hiba,91,BCC,56,0.5607476635514018,0.9127304147465438
hiba,91,AK,12,0.11428571428571428,0.7036252354048965
hiba,91,BKL,17,0.27722772277227725,0.8383617057138042
hiba,91,DF,10,0.26666666666666666,0.5907303370786516
hiba,91,VASC,10,0.46153846153846156,0.7536516853932583
hiba,91,SCC,26,0.22727272727272727,0.8630090497737557
pad,91,MEL,10,0.42857142857142855,0.9216027874564461
pad,91,NV,17,0.7647058823529411,0.9882352941176471
pad,91,BCC,171,0.6973684210526315,0.7832080200501252
pad,91,AK,56,0.5323741007194245,0.8076467101363367
pad,91,BKL,6,0.43478260869565216,0.9375715922107675
pad,91,DF,0,,
pad,91,VASC,0,,
pad,91,SCC,37,0.25,0.6314968814968814
hiba,92,MEL,48,0.5882352941176471,0.8833575581395349
hiba,92,NV,205,0.7925531914893617,0.9031694274161992
hiba,92,BCC,67,0.543859649122807,0.9064982778415615
hiba,92,AK,13,0.358974358974359,0.8335701238075908
hiba,92,BKL,21,0.2222222222222222,0.7592093441150045
hiba,92,DF,7,0.36363636363636365,0.7320964749536177
hiba,92,VASC,5,0.5714285714285714,0.6459948320413437
hiba,92,SCC,26,0.33962264150943394,0.8960697772173183
pad,92,MEL,7,0.3076923076923077,0.8837772397094431
pad,92,NV,14,0.75,0.9828869047619048
pad,92,BCC,164,0.7284768211920529,0.8023815835984447
pad,92,AK,70,0.6405228758169934,0.840301724137931
pad,92,BKL,9,0.46153846153846156,0.9677664012135002
pad,92,DF,0,,
pad,92,VASC,0,,
pad,92,SCC,38,0.28205128205128205,0.666267942583732
hiba,93,MEL,46,0.5526315789473685,0.8590365096197545
hiba,93,NV,158,0.7534246575342466,0.8800723327305605
hiba,93,BCC,67,0.6260869565217392,0.9143193805409044
hiba,93,AK,6,0.07407407407407407,0.8572884811416921
hiba,93,BKL,14,0.2222222222222222,0.7975817286162113
hiba,93,DF,10,0.16666666666666666,0.7334365325077399
hiba,93,VASC,6,0.5,0.9622833843017329
hiba,93,SCC,26,0.2545454545454545,0.7910298170884491
pad,93,MEL,15,0.36363636363636365,0.9046913580246914
pad,93,NV,16,0.6875,0.9493494423791822
pad,93,BCC,164,0.7010309278350515,0.7841413021568231
pad,93,AK,45,0.4881889763779528,0.832824074074074
pad,93,BKL,10,0.6153846153846154,0.9534545454545454
pad,93,DF,0,,
pad,93,VASC,0,,
pad,93,SCC,35,0.1388888888888889,0.644
hiba,94,MEL,50,0.5783132530120482,0.8385714285714285
hiba,94,NV,125,0.6636771300448431,0.8625759162303666
hiba,94,BCC,59,0.5740740740740741,0.8576798786519819
hiba,94,AK,10,0.14285714285714285,0.8418300653594771
hiba,94,BKL,21,0.20408163265306123,0.7412429378531074
hiba,94,DF,12,0.25,0.6658442982456141
hiba,94,VASC,12,0.6666666666666666,0.9210526315789472
hiba,94,SCC,27,0.20689655172413793,0.7679097782904012
pad,94,MEL,12,0.3333333333333333,0.8998127340823969
pad,94,NV,11,0.5,0.9155359565807327
pad,94,BCC,147,0.6566037735849056,0.7573953823953824
pad,94,AK,62,0.5753424657534246,0.8086442693622714
pad,94,BKL,7,0.25806451612903225,0.8461134453781513
pad,94,DF,0,,
pad,94,VASC,0,,
pad,94,SCC,40,0.20512820512820512,0.5865062761506277
hiba,95,MEL,50,0.5977011494252874,0.8674688796680499
hiba,95,NV,98,0.6737967914438503,0.8719467061435974
hiba,95,BCC,61,0.6017699115044248,0.8732715609408411
hiba,95,AK,11,0.16216216216216217,0.6571428571428571
hiba,95,BKL,17,0.2631578947368421,0.75762129669386
hiba,95,DF,15,0.3157894736842105,0.6804347826086957
hiba,95,VASC,7,0.25,0.5920523138832998
hiba,95,SCC,32,0.2909090909090909,0.7868001930501931
pad,95,MEL,8,0.4,0.9527027027027026
pad,95,NV,12,0.64,0.9797385620915033
pad,95,BCC,158,0.6813186813186813,0.7907618162815003
pad,95,AK,55,0.5547445255474452,0.8493567753001716
pad,95,BKL,2,0.0,0.930188679245283
pad,95,DF,0,,
pad,95,VASC,0,,
pad,95,SCC,32,0.16901408450704225,0.6328457446808511
hiba,96,MEL,46,0.49382716049382713,0.8647993311036789
hiba,96,NV,115,0.6875,0.8591395401775552
hiba,96,BCC,65,0.576271186440678,0.8697095435684647
hiba,96,AK,17,0.23255813953488372,0.7539181762670466
hiba,96,BKL,9,0.16666666666666666,0.7369996258885148
hiba,96,DF,12,0.2857142857142857,0.7437641723356009
hiba,96,VASC,17,0.64,0.7911662935070222
hiba,96,SCC,25,0.2127659574468085,0.7614234875444839
pad,96,MEL,7,0.6153846153846154,0.9805873568939771
pad,96,NV,17,0.7428571428571429,0.9760033977489913
pad,96,BCC,163,0.7054794520547946,0.7973352690488457
pad,96,AK,60,0.6,0.8341168091168092
pad,96,BKL,6,0.32,0.9519675925925926
pad,96,DF,0,,
pad,96,VASC,0,,
pad,96,SCC,41,0.1917808219178082,0.6610912947074135
hiba,97,MEL,48,0.5287356321839081,0.8346661054994388
hiba,97,NV,150,0.8282828282828283,0.921128205128205
hiba,97,BCC,59,0.5535714285714286,0.8666587649638497
hiba,97,AK,12,0.17142857142857143,0.8646146146146145
hiba,97,BKL,17,0.3103448275862069,0.7751076040172167
hiba,97,DF,20,0.2222222222222222,0.6992307692307693
hiba,97,VASC,11,0.625,0.8884050081654872
hiba,97,SCC,28,0.3103448275862069,0.8412573231185219
pad,97,MEL,11,0.5263157894736842,0.978401031592521
pad,97,NV,6,0.42857142857142855,0.908246225319396
pad,97,BCC,177,0.6838709677419355,0.7565263978180401
pad,97,AK,56,0.5135135135135135,0.7773508137432188
pad,97,BKL,6,0.3,0.8362369337979094
pad,97,DF,0,,
pad,97,VASC,0,,
pad,97,SCC,37,0.18666666666666668,0.6299619932432432
hiba,98,MEL,48,0.6153846153846154,0.8404800431499461
hiba,98,NV,180,0.8507042253521127,0.9146892655367233
hiba,98,BCC,63,0.5384615384615384,0.8848396501457726
hiba,98,AK,15,0.2777777777777778,0.9136452241715399
hiba,98,BKL,10,0.11538461538461539,0.7374639769452449
hiba,98,DF,10,0.15384615384615385,0.5273775216138329
hiba,98,VASC,9,0.5,0.6590038314176245
hiba,98,SCC,22,0.35294117647058826,0.851696065128901
pad,98,MEL,14,0.47619047619047616,0.9571428571428571
pad,98,NV,13,0.5185185185185185,0.9677245831091985
pad,98,BCC,182,0.7048192771084337,0.7537569268338499
pad,98,AK,49,0.5396825396825397,0.8099591836734694
pad,98,BKL,3,0.21052631578947367,0.9515765765765766
pad,98,DF,0,,
pad,98,VASC,0,,
pad,98,SCC,38,0.136986301369863,0.6321334946561807
hiba,99,MEL,52,0.47191011235955055,0.8672368707779473
hiba,99,NV,206,0.7578947368421053,0.8866419476020881
hiba,99,BCC,61,0.5925925925925926,0.9174132672512391
hiba,99,AK,17,0.0975609756097561,0.7778956943602183
hiba,99,BKL,14,0.1346153846153846,0.7561198392400439
hiba,99,DF,11,0.14285714285714285,0.6589755422242731
hiba,99,VASC,7,0.4444444444444444,0.6457286432160804
hiba,99,SCC,37,0.3076923076923077,0.851424794359577
pad,99,MEL,6,0.36363636363636365,0.959409594095941
pad,99,NV,8,0.75,0.9846654275092938
pad,99,BCC,166,0.6866666666666666,0.7351025724519701
pad,99,AK,59,0.5401459854014599,0.7912844036697247
pad,99,BKL,6,0.47619047619047616,0.9833948339483394
pad,99,DF,0,,
pad,99,VASC,0,,
pad,99,SCC,32,0.17391304347826086,0.6010841836734694
