cohort,head,draw,top1,bal_acc,macro_f1,auc_ovr
pad,pad_only,0,0.6741573033707865,0.6247464024534087,0.45228634383046146,0.8963045789962233
pad,primary,0,0.6329588014981273,0.5510053703009866,0.4018479877681845,0.8657108666750832
hiba,pad_only,0,0.5816091954022988,0.3312176445005031,0.29446016261260555,0.7204910018993185
hiba,primary,0,0.6666666666666666,0.47020499377868974,0.46419295961577944,0.8503400416902488
pad,pad_only,1,0.6392857142857142,0.5550854920015098,0.40500222159173693,0.8702824403330459
pad,primary,1,0.5678571428571428,0.5304165870280998,0.38067877581392495,0.8234809857387062
hiba,pad_only,1,0.5157593123209169,0.3484813797313797,0.2868230482341848,0.7348574137195223
hiba,primary,1,0.5902578796561605,0.5109911913483343,0.4804102943848785,0.8618416342982476
pad,pad_only,2,0.6373239436619719,0.508423485762667,0.37056841939544033,0.858393066383877
pad,primary,2,0.5316901408450704,0.495045132472033,0.33741290499869653,0.8188158149255257
hiba,pad_only,2,0.46984126984126984,0.3222605187908497,0.3010618290018844,0.7158287901056004
hiba,primary,2,0.5015873015873016,0.37141416462418303,0.3831247514673009,0.8135704330759329
pad,pad_only,3,0.6381578947368421,0.5846837499125571,0.41854069348869416,0.8829915431611489
pad,primary,3,0.5592105263157895,0.4853571731384934,0.3404650397996589,0.8498082076243887
hiba,pad_only,3,0.4818181818181818,0.33899840239125956,0.31047503469631776,0.7177972458174813
hiba,primary,3,0.5,0.37290914471849346,0.3731433930908186,0.7829122360713738
pad,pad_only,4,0.624561403508772,0.5581534540680387,0.3876630319095994,0.8622835698338038
pad,primary,4,0.5789473684210527,0.47191845473306654,0.34375312339049174,0.8332516363493739
hiba,pad_only,4,0.521978021978022,0.34122824900672,0.30741506790305684,0.7469293676262996
hiba,primary,4,0.5439560439560439,0.4520224587006574,0.4470707091815381,0.8209095240053317
pad,pad_only,5,0.6594427244582043,0.6162052401182837,0.4029616100053589,0.8649296193167411
pad,primary,5,0.5727554179566563,0.5170068539633758,0.3552369403389655,0.8290855517063718
hiba,pad_only,5,0.5498392282958199,0.3928876148947449,0.36218915796456763,0.7470389675465243
hiba,primary,5,0.5819935691318328,0.47525253964224845,0.46460088340329575,0.855038787645926
pad,pad_only,6,0.6425992779783394,0.5744588378716168,0.39651108308616045,0.8675499201781393
pad,primary,6,0.5776173285198556,0.5158658081832525,0.34278248450354853,0.8419284259542631
hiba,pad_only,6,0.42857142857142855,0.2796287785947712,0.26222001250602733,0.7035298827042131
hiba,primary,6,0.5201465201465202,0.4293265639589169,0.42147591461433814,0.8214476380685207
pad,pad_only,7,0.6204379562043796,0.4941418224666307,0.3440693779074421,0.8564235802159511
pad,primary,7,0.5218978102189781,0.4673907838869476,0.30476371475808184,0.809683531703779
hiba,pad_only,7,0.5104166666666666,0.2957162659200703,0.27737120459240755,0.7167745463797112
hiba,primary,7,0.5520833333333334,0.4351751362980583,0.4395848028482934,0.8182958652829451
pad,pad_only,8,0.6517571884984026,0.5929625070491943,0.41577659972234426,0.889678172270294
pad,primary,8,0.5718849840255591,0.5339124240053033,0.3652248320150916,0.8506703844619797
hiba,pad_only,8,0.5274725274725275,0.3120682228030266,0.2855864300032887,0.7295220995264584
hiba,primary,8,0.5604395604395604,0.4858894680658896,0.47501217886237246,0.7987780396056817
pad,pad_only,9,0.6580645161290323,0.5767418220849593,0.42004162935682077,0.8901434825575301
pad,primary,9,0.5645161290322581,0.5315381423224561,0.37140769548328983,0.858696926380344
hiba,pad_only,9,0.501432664756447,0.31285002240143367,0.28510095072290786,0.732938613041764
hiba,primary,9,0.6361031518624641,0.4292921893246227,0.4414661720293754,0.8018442285840051
pad,pad_only,10,0.6195652173913043,0.5198559950564133,0.37529461648354967,0.8729426916689093
pad,primary,10,0.5507246376811594,0.47067956442302905,0.3234572216168846,0.8382995762014872
hiba,pad_only,10,0.4463087248322148,0.33774655316759594,0.3031546443650398,0.7282088318607658
hiba,primary,10,0.4798657718120805,0.35971949145711335,0.3731206098779856,0.7580647678723915
pad,pad_only,11,0.5915492957746479,0.4996216190766694,0.36934200422739477,0.8687408837801236
pad,primary,11,0.5704225352112676,0.5032555059195115,0.35483100802547884,0.8591440427449291
hiba,pad_only,11,0.53125,0.35761770315412045,0.3211891923090979,0.7471732709402519
hiba,primary,11,0.51875,0.4203535064681719,0.4150938823818081,0.8219474248113681
pad,pad_only,12,0.6466165413533834,0.44157095812130703,0.3230080668482621,0.8651449731641793
pad,primary,12,0.5864661654135338,0.5138109481080567,0.3507200491196632,0.8410584667526209
hiba,pad_only,12,0.5028571428571429,0.33239748746041653,0.3046944640514836,0.7382910813989066
hiba,primary,12,0.6257142857142857,0.4360312218292767,0.4450284940202543,0.8389865969885191
pad,pad_only,13,0.6262975778546713,0.5166643622617259,0.38765163493388693,0.8732041068958124
pad,primary,13,0.6055363321799307,0.5401673229714928,0.4107180596553567,0.8327640750189769
hiba,pad_only,13,0.44534412955465585,0.32116142214947363,0.29091522161609773,0.7161074668441862
hiba,primary,13,0.5020242914979757,0.42535342346923233,0.4282734296233183,0.8034915626210937
pad,pad_only,14,0.6561514195583596,0.6076188008533369,0.42791444451320704,0.8882410020360347
pad,primary,14,0.5457413249211357,0.48963126669312235,0.3369991410239088,0.8456158330410416
hiba,pad_only,14,0.4632768361581921,0.3137380034358934,0.280212234818641,0.7211957678366474
hiba,primary,14,0.5988700564971752,0.4397774482373268,0.43684483385884065,0.8263445784060521
pad,pad_only,15,0.6353790613718412,0.5836647566376204,0.4150016676517981,0.8777589308713831
pad,primary,15,0.5740072202166066,0.5537909160809339,0.38095580787047556,0.8457073179559386
hiba,pad_only,15,0.445993031358885,0.2878182972941037,0.2616262243620734,0.7145058303493266
hiba,primary,15,0.5226480836236934,0.417093032415613,0.39093672644631605,0.8082844992226697
pad,pad_only,16,0.6377358490566037,0.4856366902019076,0.35267833482722616,0.8731400148924608
pad,primary,16,0.5924528301886792,0.5129171311780008,0.3567491239849416,0.830798402834414
hiba,pad_only,16,0.5093333333333333,0.32754884256166095,0.2908189498039695,0.7318088906788591
hiba,primary,16,0.5466666666666666,0.4157138480526772,0.4067533276462262,0.7933658549096845
pad,pad_only,17,0.6357142857142857,0.5552013234729475,0.4121614577992877,0.8858174392657032
pad,primary,17,0.5785714285714286,0.5443680785968318,0.39287464985994397,0.8584278756860714
hiba,pad_only,17,0.5507900677200903,0.34260107725585476,0.2963780541737312,0.7269996197422846
hiba,primary,17,0.6094808126410836,0.4489085056593648,0.43958521374337567,0.8471489298839656
pad,pad_only,18,0.6181818181818182,0.5376416941045424,0.3849841283645693,0.8766327237476012
pad,primary,18,0.5927272727272728,0.5009222402411257,0.3547870658753012,0.8491859810886693
hiba,pad_only,18,0.5100864553314121,0.3182251008326828,0.2991504216175046,0.7253240798946179
hiba,primary,18,0.5763688760806917,0.46424383619568044,0.45637155208484204,0.8580519102775632
pad,pad_only,19,0.6058394160583942,0.5730405603101456,0.39674319761436505,0.8738282768819389
pad,primary,19,0.5985401459854015,0.542906517445688,0.38240489241102305,0.8506078962070832
hiba,pad_only,19,0.4854014598540146,0.3205874741200828,0.3034794144294255,0.7083293199960017
hiba,primary,19,0.5547445255474452,0.429557610264132,0.43303911147143226,0.8077373950309336
pad,pad_only,20,0.6327272727272727,0.6008789460804307,0.4155527816785423,0.8734814562161604
pad,primary,20,0.5781818181818181,0.5486537101993094,0.36402730536659106,0.8500924451278683
hiba,pad_only,20,0.49101796407185627,0.2992498348664803,0.263390514049626,0.7310150590501554
hiba,primary,20,0.49700598802395207,0.3600247164083024,0.3556149441763999,0.7967745813968996
pad,pad_only,21,0.6240601503759399,0.6087694701514202,0.42093114633308987,0.8771771554165202
pad,primary,21,0.5263157894736842,0.5148043353220629,0.35841775911691054,0.846449989561913
hiba,pad_only,21,0.43956043956043955,0.3226561428767311,0.28736613315466436,0.7198633477483016
hiba,primary,21,0.5384615384615384,0.4108967013378778,0.4024908948135418,0.7947369597709211
pad,pad_only,22,0.6210526315789474,0.5874084846053554,0.3877768887266587,0.8580239649653666
pad,primary,22,0.5473684210526316,0.4638458673008869,0.32548544321879097,0.8158647448111346
hiba,pad_only,22,0.4746268656716418,0.3213840872317306,0.284545549088987,0.7049905952676102
hiba,primary,22,0.46567164179104475,0.38738967260158347,0.3474349082073601,0.7909078113792358
pad,pad_only,23,0.6394052044609665,0.6016668907221903,0.40833830444718366,0.8886906956580538
pad,primary,23,0.5985130111524164,0.5658658823405367,0.3918261861379839,0.8527948889278102
hiba,pad_only,23,0.4420289855072464,0.3036458506327432,0.2897666197332365,0.7246084196749198
hiba,primary,23,0.5,0.37575465792377555,0.3500092361271996,0.8144695198391387
pad,pad_only,24,0.6643109540636042,0.5785272188362235,0.4180628569384623,0.8865230824490019
pad,primary,24,0.6148409893992933,0.5372768355058491,0.3726893961819365,0.868549631685681
hiba,pad_only,24,0.46864686468646866,0.3128388047971167,0.28676035472070804,0.7189815082503828
hiba,primary,24,0.4884488448844885,0.36560891204161916,0.3657618559718969,0.7632941017836768
pad,pad_only,25,0.6446886446886447,0.5862561719942407,0.38386249500372227,0.8695494204114512
pad,primary,25,0.5347985347985348,0.5136778839609027,0.3266952614379085,0.8180492070169753
hiba,pad_only,25,0.4720496894409938,0.29150432562398454,0.2720966701924756,0.7088558993693375
hiba,primary,25,0.5062111801242236,0.40171699188284643,0.4112882715356597,0.789795612278847
pad,pad_only,26,0.6472602739726028,0.5656631431463186,0.3895642692468066,0.8771484803617021
pad,primary,26,0.5547945205479452,0.46771236165241653,0.31083149941845595,0.8483321657873825
hiba,pad_only,26,0.4888888888888889,0.3289578438212892,0.2951658101212047,0.7338623384815115
hiba,primary,26,0.5555555555555556,0.3808189568562468,0.3867965686176016,0.7974790025521981
pad,pad_only,27,0.6556776556776557,0.5678987199034369,0.412696093192248,0.881664333233831
pad,primary,27,0.5677655677655677,0.5367952321961756,0.3931264685694155,0.8441798334704603
hiba,pad_only,27,0.5087719298245614,0.31078362258955206,0.28341693603987383,0.7239237480923666
hiba,primary,27,0.5614035087719298,0.4012036664185338,0.4099742233454021,0.7972207408934133
pad,pad_only,28,0.6600660066006601,0.5424773211356598,0.3786224914588494,0.8740341549102683
pad,primary,28,0.5874587458745875,0.45101823772329935,0.3100604673417769,0.81919701101259
hiba,pad_only,28,0.45686900958466453,0.31111672243896626,0.281963889316854,0.7212214209929397
hiba,primary,28,0.4984025559105431,0.4043045013510045,0.40106738133624886,0.8382354529445311
pad,pad_only,29,0.6344827586206897,0.5153432973640185,0.3679548195365665,0.8804553524922826
pad,primary,29,0.5724137931034483,0.5537226421713803,0.3775695106603971,0.8407697549439636
hiba,pad_only,29,0.4326424870466321,0.27998982201576283,0.24451465049832904,0.7166357165185566
hiba,primary,29,0.5880829015544041,0.4298493425697024,0.4300740636123921,0.8077906139967976
pad,pad_only,30,0.6644518272425249,0.6137723129795299,0.4179730901704364,0.8933738566999913
pad,primary,30,0.6079734219269103,0.6191097956475212,0.4156030231866365,0.8565012362616052
hiba,pad_only,30,0.48787061994609165,0.2959772267961923,0.26529619099167506,0.7141676402899451
hiba,primary,30,0.5336927223719676,0.3812395937395937,0.3740805068944353,0.7928872766167474
pad,pad_only,31,0.6391752577319587,0.575847830057302,0.41566414323681466,0.8853394024418053
pad,primary,31,0.5910652920962199,0.6132459534735063,0.43323080096731553,0.8537587414665494
hiba,pad_only,31,0.5015384615384615,0.34171626984126985,0.31377988906593024,0.73039400835162
hiba,primary,31,0.5723076923076923,0.42778173165401423,0.436616569704805,0.7998964796292779
pad,pad_only,32,0.6140350877192983,0.5582538926569736,0.4011897514369707,0.8569624163110313
pad,primary,32,0.5368421052631579,0.510066511671133,0.36285971780157833,0.7988153179054418
hiba,pad_only,32,0.48484848484848486,0.3413554789984996,0.315703656462585,0.7390768174013547
hiba,primary,32,0.5387205387205387,0.4236086210700055,0.43119431643625195,0.7833218257276819
pad,pad_only,33,0.6373239436619719,0.5865966386554622,0.43904973264635844,0.8700652348954648
pad,primary,33,0.5633802816901409,0.5362745098039216,0.3796361266295336,0.8144613028924614
hiba,pad_only,33,0.5425790754257908,0.2948823235587942,0.2605593513184828,0.7147675694057547
hiba,primary,33,0.5766423357664233,0.3478992412815942,0.31986759343110643,0.7797546826620957
pad,pad_only,34,0.6158940397350994,0.5858411397345823,0.41744896353293326,0.8655181231775981
pad,primary,34,0.5596026490066225,0.5202933905802758,0.3460092103462721,0.8353932342403866
hiba,pad_only,34,0.5043988269794721,0.3181379626072663,0.298486776039523,0.7203816494433757
hiba,primary,34,0.5102639296187683,0.40233601662380203,0.41216362470788537,0.7767055524834113
pad,pad_only,35,0.6385135135135135,0.5610228097973197,0.4043771813444253,0.8724608756925946
pad,primary,35,0.5777027027027027,0.5015052485640721,0.3688985993801779,0.840276010382896
hiba,pad_only,35,0.5014836795252225,0.3594506642139032,0.2937689108025215,0.7302843757434829
hiba,primary,35,0.5637982195845698,0.4777194479036732,0.4417611910662811,0.8523623233008654
pad,pad_only,36,0.6383763837638377,0.5488363911625891,0.373798814493125,0.871628675327517
pad,primary,36,0.5940959409594095,0.5053502683854215,0.3198301934931331,0.8492821536843141
hiba,pad_only,36,0.3961038961038961,0.2899561953354523,0.27442388129328726,0.7172712415892009
hiba,primary,36,0.512987012987013,0.42922295175584646,0.43378165548206243,0.7953308462396755
pad,pad_only,37,0.6604477611940298,0.6297473630802533,0.42999146861863824,0.8834543427216285
pad,primary,37,0.6044776119402985,0.5440872551552267,0.375846378041622,0.860968365586828
hiba,pad_only,37,0.49390243902439024,0.3088775663142955,0.29107123476742186,0.7204213623816265
hiba,primary,37,0.6036585365853658,0.4236529144031714,0.4194578997728111,0.8108831214924049
pad,pad_only,38,0.627906976744186,0.5697667061121678,0.3906305472059833,0.881998475047079
pad,primary,38,0.5614617940199336,0.4895795890398049,0.3201990038933542,0.8482940212315185
hiba,pad_only,38,0.5546666666666666,0.3668350994243852,0.3376253381422901,0.754369054181864
hiba,primary,38,0.6453333333333333,0.47171556122448977,0.45560549403912787,0.8357299316233314
pad,pad_only,39,0.6655629139072847,0.52730652919415,0.40737123812007003,0.8733701392888508
pad,primary,39,0.5860927152317881,0.4754189084742202,0.33329592535411257,0.8168268512929714
hiba,pad_only,39,0.553133514986376,0.3586228948655389,0.30547242992487045,0.7567209773168999
hiba,primary,39,0.555858310626703,0.38773116625732557,0.35721742611076557,0.8234879958812141
pad,pad_only,40,0.6071428571428571,0.4857987403135438,0.3366474698580302,0.8640696836303862
pad,primary,40,0.5178571428571429,0.4516820459740974,0.2835177332399704,0.8108281806547238
hiba,pad_only,40,0.49318801089918257,0.3131020751346194,0.2814201303689652,0.7330313966924491
hiba,primary,40,0.5694822888283378,0.47921834818657444,0.4752444147960768,0.8346185431870367
pad,pad_only,41,0.6190476190476191,0.5050259350259351,0.37299074107643504,0.8708014237892142
pad,primary,41,0.5680272108843537,0.45314041314041315,0.313808854236706,0.8467193171039834
hiba,pad_only,41,0.5454545454545454,0.33524817814444496,0.3025202313702203,0.7468547086011442
hiba,primary,41,0.6336088154269972,0.4381454734725758,0.44669362706966886,0.847144491089481
pad,pad_only,42,0.6164383561643836,0.5210613694672399,0.3426946331084509,0.8679199505467654
pad,primary,42,0.5616438356164384,0.5337910177991149,0.35142388140206016,0.8239134748095395
hiba,pad_only,42,0.4721311475409836,0.3292096822498527,0.29525063103536897,0.7230173282883251
hiba,primary,42,0.5278688524590164,0.45598599374908155,0.4461277064651957,0.8329245175471092
pad,pad_only,43,0.6407766990291263,0.6451408543936896,0.43664442827314526,0.8805338492197489
pad,primary,43,0.5566343042071198,0.6366783708050553,0.3996250440214955,0.8508597921498059
hiba,pad_only,43,0.5,0.3473100690657942,0.30208973783480525,0.7330153945703423
hiba,primary,43,0.5822784810126582,0.4944637900267671,0.46653083828001807,0.8483513192359209
pad,pad_only,44,0.6397058823529411,0.5541676841676842,0.40489218979628505,0.8663807902639359
pad,primary,44,0.6029411764705882,0.5087749287749288,0.3735279189623154,0.8405654588288415
hiba,pad_only,44,0.536,0.37212246466717014,0.32839467760991986,0.7646040027231951
hiba,primary,44,0.656,0.4746072103737777,0.4588153536657207,0.8532921486753153
pad,pad_only,45,0.6524822695035462,0.6633173699587361,0.4839116012328895,0.8884409924358861
pad,primary,45,0.6099290780141844,0.6406659437968736,0.4320567981946113,0.8715355387720539
hiba,pad_only,45,0.4981549815498155,0.3684923344404009,0.34144439832551576,0.7482675349516638
hiba,primary,45,0.5461254612546126,0.4916562033801152,0.4963742885381851,0.8469522247941232
pad,pad_only,46,0.6512455516014235,0.594622697563874,0.41091580924383475,0.8782684707881779
pad,primary,46,0.5800711743772242,0.5851752822341058,0.4051600849208027,0.8502932515625794
hiba,pad_only,46,0.5144508670520231,0.3143667167238749,0.28895169674531695,0.7220415560586648
hiba,primary,46,0.5606936416184971,0.4096039735475877,0.4007486182520672,0.7835022450472646
pad,pad_only,47,0.6774193548387096,0.6213465078003397,0.4524118266681195,0.8749865654336623
pad,primary,47,0.5663082437275986,0.47365941742650447,0.33881403231847873,0.8234872914439363
hiba,pad_only,47,0.5249169435215947,0.3268127234427671,0.31120952467553,0.7415516943531038
hiba,primary,47,0.5382059800664452,0.38887649696717375,0.37736820322903536,0.8340194407978976
pad,pad_only,48,0.6285714285714286,0.5539330693988922,0.3626724137336593,0.8682876113171268
pad,primary,48,0.5642857142857143,0.47781201942901236,0.3237999878310559,0.8404279637692337
hiba,pad_only,48,0.47619047619047616,0.307546603912883,0.2973695544900862,0.7349866576895818
hiba,primary,48,0.5494505494505495,0.42161953034046057,0.418268891136512,0.863679774167823
pad,pad_only,49,0.6231884057971014,0.5692349959661139,0.39347270918837257,0.8781067189146455
pad,primary,49,0.5615942028985508,0.5346819004983924,0.36888980673354965,0.8608392234643198
hiba,pad_only,49,0.4822485207100592,0.3418123868699527,0.2904309717197916,0.713523520381613
hiba,primary,49,0.47928994082840237,0.415956215902762,0.3860566741116126,0.8117530672693615
pad,pad_only,50,0.6679389312977099,0.6381554416037175,0.445950003311985,0.8973150241039826
pad,primary,50,0.6030534351145038,0.6188899154416396,0.4186507619782422,0.8659282403475013
hiba,pad_only,50,0.5651105651105651,0.39143666457533577,0.33401153919874205,0.7672739215226223
hiba,primary,50,0.6363636363636364,0.5358088493648026,0.4755391147127198,0.8812623583861525
pad,pad_only,51,0.6174496644295302,0.5506954041405462,0.3826990176423263,0.8667607983438899
pad,primary,51,0.5335570469798657,0.4889850254027385,0.3476252985450473,0.8253925976843783
hiba,pad_only,51,0.5431309904153354,0.3758510279743849,0.34105630651458285,0.7450135084606722
hiba,primary,51,0.5878594249201278,0.45649543350843014,0.43702205190897575,0.8434051300324179
pad,pad_only,52,0.6125827814569537,0.5388776763776765,0.39357456449806794,0.8690883699112409
pad,primary,52,0.5529801324503312,0.5109838125463125,0.3666135280475062,0.834749674416575
hiba,pad_only,52,0.44802867383512546,0.2847712320574163,0.26583754507439794,0.7194631093644877
hiba,primary,52,0.4874551971326165,0.38025559386434005,0.4090428992884617,0.820141347870465
pad,pad_only,53,0.6329588014981273,0.5483589423629397,0.37962931682188933,0.8710124931907653
pad,primary,53,0.5730337078651685,0.5376628984557033,0.3855814095334731,0.842292810934428
hiba,pad_only,53,0.4454828660436137,0.275648835838491,0.27028969214804566,0.7091418937602417
hiba,primary,53,0.49221183800623053,0.3987033966990864,0.39846289273632246,0.8357733705530961
pad,pad_only,54,0.6431095406360424,0.6215504037872459,0.4363394207177907,0.8826956590413696
pad,primary,54,0.5795053003533569,0.5750568551007147,0.4001003549463714,0.8556332883046062
hiba,pad_only,54,0.5520581113801453,0.3242739975732854,0.3038178195353876,0.7580601052133639
hiba,primary,54,0.648910411622276,0.4798215736887026,0.473449311660915,0.8521124724356574
pad,pad_only,55,0.6428571428571429,0.5499920725520041,0.3733133894529804,0.888334732143283
pad,primary,55,0.6111111111111112,0.49694159056316595,0.3555804063924589,0.8439226894157948
hiba,pad_only,55,0.48548812664907653,0.32150559618834573,0.28483168698332634,0.7197069284375868
hiba,primary,55,0.6068601583113457,0.4165123901764682,0.4261340223449347,0.8011164275698521
pad,pad_only,56,0.662020905923345,0.5598490631658127,0.3957225621117029,0.8823142052103096
pad,primary,56,0.5714285714285714,0.4937310401655344,0.34105129156629205,0.8233887836581872
hiba,pad_only,56,0.5109717868338558,0.35791965726302044,0.3182798126181515,0.7196857460143173
hiba,primary,56,0.5642633228840125,0.4280123929520923,0.436337919466457,0.8329357011812417
pad,pad_only,57,0.6641509433962264,0.5809579233421921,0.4218420803133286,0.8939004620740859
pad,primary,57,0.6226415094339622,0.5494737307535049,0.4230268511899142,0.838201353233781
hiba,pad_only,57,0.5349397590361445,0.3081235890052392,0.29226994952387597,0.7272355305610714
hiba,primary,57,0.6457831325301204,0.43995804998512866,0.44820443958719425,0.8243923954433784
pad,pad_only,58,0.6418439716312057,0.5874025265749097,0.4164523269039163,0.8642346860145316
pad,primary,58,0.549645390070922,0.5268502271322252,0.3595426455562414,0.8258827855114843
hiba,pad_only,58,0.5,0.3125522111841452,0.2907496952944748,0.7263709408235224
hiba,primary,58,0.5883977900552486,0.441999503618694,0.4360494051913476,0.8291674753496079
pad,pad_only,59,0.6576923076923077,0.5603546542452472,0.40784085266768977,0.8731591018094562
pad,primary,59,0.5692307692307692,0.506681905298203,0.3605487291454693,0.8298944134109111
hiba,pad_only,59,0.49544072948328266,0.3422323838209508,0.3065083718901047,0.7383281135876714
hiba,primary,59,0.6170212765957447,0.44900701557831846,0.4321787026290702,0.8768884948453346
pad,pad_only,60,0.6284584980237155,0.5699303581656523,0.4028263403263403,0.8749513974645654
pad,primary,60,0.5691699604743083,0.5576136296724532,0.3753637727616407,0.8344422875712487
hiba,pad_only,60,0.49324324324324326,0.38652543256201793,0.3271010455646224,0.757875316867507
hiba,primary,60,0.6182432432432432,0.46198293576342353,0.44849757930645634,0.8528715168781846
pad,pad_only,61,0.6571428571428571,0.5525263052103543,0.39327938029441384,0.8811339552699288
pad,primary,61,0.5892857142857143,0.555327242060371,0.39213788614436323,0.8496697031520714
hiba,pad_only,61,0.436241610738255,0.316099611841539,0.28719350195343085,0.7198687957858052
hiba,primary,61,0.4899328859060403,0.4199356559648585,0.4164766219750031,0.8194648890662712
pad,pad_only,62,0.6366666666666667,0.5301192251247745,0.36556423223865575,0.8735384878136583
pad,primary,62,0.5833333333333334,0.5068437399735957,0.3440285470155202,0.8442237539453036
hiba,pad_only,62,0.44753086419753085,0.29076694139194137,0.2751517167453755,0.722817476076298
hiba,primary,62,0.4660493827160494,0.37029609279609277,0.37272498594583836,0.7635751705164715
pad,pad_only,63,0.6145833333333334,0.5554666271429277,0.3854048179877426,0.8659243659009238
pad,primary,63,0.5694444444444444,0.5372033661051002,0.36287556306630947,0.8246950868626709
hiba,pad_only,63,0.56353591160221,0.3747565923917633,0.31462986289073247,0.751044213851741
hiba,primary,63,0.580110497237569,0.41617511704098414,0.39189590087567117,0.8177339888918113
pad,pad_only,64,0.6084142394822006,0.5780585853211552,0.41576214114482235,0.8625237071601383
pad,primary,64,0.5436893203883495,0.4734200626032643,0.32714036920933476,0.8279379138411181
hiba,pad_only,64,0.3927272727272727,0.2932371250707414,0.25743723304072913,0.7140706693308864
hiba,primary,64,0.4727272727272727,0.42772074770164753,0.41342133888932614,0.8144508482540844
pad,pad_only,65,0.6498194945848376,0.5254743120127735,0.36191821523155576,0.882707508823687
pad,primary,65,0.6137184115523465,0.5001303183995491,0.3577877714390872,0.852680082250877
hiba,pad_only,65,0.5289017341040463,0.3410687590162409,0.3092151920842551,0.716945047656386
hiba,primary,65,0.569364161849711,0.42705182496471067,0.40095686651517626,0.8067513719220294
pad,pad_only,66,0.625,0.5821907408568224,0.42181358955872295,0.8535787487495713
pad,primary,66,0.5477941176470589,0.4852592121632427,0.34429309784801665,0.8062002836480229
hiba,pad_only,66,0.5029239766081871,0.36974654105449223,0.3379848660111818,0.7474034471940068
hiba,primary,66,0.6169590643274854,0.42497834075661084,0.4296220249773202,0.7988075262044798
pad,pad_only,67,0.6541095890410958,0.5602034300310161,0.40247373018739774,0.8825303665038562
pad,primary,67,0.5616438356164384,0.4939199051268017,0.3442894697205042,0.8521751829721249
hiba,pad_only,67,0.45149253731343286,0.35196114369501463,0.31677755672251295,0.7400934258725022
hiba,primary,67,0.5074626865671642,0.4152351680577487,0.4193497353298945,0.8161516414696162
pad,pad_only,68,0.6215277777777778,0.4960088147121373,0.3668423645518847,0.8644437965971257
pad,primary,68,0.5833333333333334,0.4897876908285612,0.34534458676335106,0.839720726160088
hiba,pad_only,68,0.4815950920245399,0.30301470588235296,0.2815905775100335,0.7261103076142481
hiba,primary,68,0.5552147239263804,0.46579481792717087,0.4652318998954185,0.8300493830171918
pad,pad_only,69,0.6346863468634686,0.6411263934556474,0.4522552378336734,0.8909992478445958
pad,primary,69,0.5830258302583026,0.5803372944115147,0.4146666892563477,0.8407234678913414
hiba,pad_only,69,0.5145118733509235,0.3495875368419845,0.30962961308427395,0.7239777398496099
hiba,primary,69,0.5963060686015831,0.42452994833461843,0.3888899668682714,0.8563044374181291
pad,pad_only,70,0.660958904109589,0.6143865825454728,0.45488395564824824,0.8807539228946194
pad,primary,70,0.5821917808219178,0.5296862104081523,0.37998167113185266,0.8300449312955712
hiba,pad_only,70,0.5253807106598984,0.30868566783133783,0.2910460624712507,0.7165448351605976
hiba,primary,70,0.5913705583756346,0.39222029068658176,0.37040704616468556,0.7861745787569476
pad,pad_only,71,0.6567164179104478,0.5702748509352281,0.41640534736216045,0.8855624190548417
pad,primary,71,0.5708955223880597,0.49279679090999845,0.3518929250273879,0.8588026869376687
hiba,pad_only,71,0.5318066157760815,0.31122630605640317,0.2739804715832113,0.7222027047044157
hiba,primary,71,0.6361323155216285,0.44944872683950354,0.44122074131644984,0.8539110434375567
pad,pad_only,72,0.6443661971830986,0.557780426695234,0.3879988348358794,0.8758562267252176
pad,primary,72,0.5880281690140845,0.510737079575822,0.37044366505345794,0.836569745131771
hiba,pad_only,72,0.5104477611940299,0.32374900078492497,0.3049445272674444,0.7300552277115651
hiba,primary,72,0.5880597014925373,0.4642292782155852,0.4613912331893787,0.8536809681336643
pad,pad_only,73,0.636963696369637,0.5865988081595623,0.42593566977294367,0.8835286992428381
pad,primary,73,0.5907590759075908,0.5434169034203951,0.3917618355942958,0.8467790321760998
hiba,pad_only,73,0.502906976744186,0.3590643274853801,0.31174301037095686,0.7417428752509863
hiba,primary,73,0.6162790697674418,0.44745884141443354,0.45557727959103034,0.8537727613556527
pad,pad_only,74,0.6666666666666666,0.6145176051012337,0.4239688695978353,0.8911830345135586
pad,primary,74,0.57,0.4873798569025121,0.3315874337240352,0.8586954652145294
hiba,pad_only,74,0.47714285714285715,0.3187410700957499,0.29401328247557623,0.7105485658509174
hiba,primary,74,0.5342857142857143,0.4347611406108943,0.4453449235752607,0.845990836966287
pad,pad_only,75,0.6328671328671329,0.6010432593770806,0.44305535120487344,0.8712844711250068
pad,primary,75,0.5979020979020979,0.5662829715607657,0.4152954497932644,0.8421928468673614
hiba,pad_only,75,0.5264900662251656,0.34310360383121574,0.30411867009321036,0.7503818039797748
hiba,primary,75,0.5231788079470199,0.35418971230538393,0.35920811485031634,0.7541609992115812
pad,pad_only,76,0.6376811594202898,0.5706797235023041,0.41422014240376964,0.8789443243341424
pad,primary,76,0.5833333333333334,0.5238287250384024,0.37498568017167655,0.8292424380243911
hiba,pad_only,76,0.5174603174603175,0.3176156930211871,0.3029984464460271,0.728063694048491
hiba,primary,76,0.5365079365079365,0.398761361591916,0.4035150189681399,0.8462321914363005
pad,pad_only,77,0.6655052264808362,0.6401844090145373,0.4545256041350432,0.8961293991185441
pad,primary,77,0.5993031358885017,0.5242462013295347,0.37668326381743644,0.8713992688022559
hiba,pad_only,77,0.5045317220543807,0.33124496998560826,0.28249966806589655,0.7196451657776244
hiba,primary,77,0.5468277945619335,0.40739484519947955,0.39106568145097265,0.8110104047220901
pad,pad_only,78,0.6203389830508474,0.5745383023684911,0.36912301994896124,0.8854616022930203
pad,primary,78,0.5932203389830508,0.5997152218850332,0.3730224898078676,0.8605341715414568
hiba,pad_only,78,0.5145888594164456,0.3379883116035984,0.29892742807906625,0.7225867770284438
hiba,primary,78,0.6153846153846154,0.4495914556072974,0.4393671577045326,0.842468171310716
pad,pad_only,79,0.6431095406360424,0.6661686060270966,0.4751200204097319,0.8685768987520981
pad,primary,79,0.5759717314487632,0.6570486641241359,0.4153084796467149,0.8397757482590418
hiba,pad_only,79,0.46285714285714286,0.30666870603121477,0.2652459121716244,0.72872681397832
hiba,primary,79,0.5628571428571428,0.4604358301852963,0.44132022387836345,0.8175779632953146
pad,pad_only,80,0.6577181208053692,0.6287693540686173,0.44207505944348047,0.8741983355564592
pad,primary,80,0.5637583892617449,0.5184187640679353,0.3661574966901424,0.8270586781115022
hiba,pad_only,80,0.5620052770448549,0.3895044911168351,0.3058041409853216,0.7321012100393682
hiba,primary,80,0.5646437994722955,0.4096248108687429,0.374071954199933,0.8318081573310672
pad,pad_only,81,0.6442953020134228,0.6256054131054131,0.42958315464109453,0.8814641140338823
pad,primary,81,0.6040268456375839,0.5930759055759055,0.4134823257719671,0.8536689538570367
hiba,pad_only,81,0.4945652173913043,0.32414107138266285,0.28215023162278713,0.7212111038642199
hiba,primary,81,0.6331521739130435,0.417723510196849,0.4203525863575392,0.8183060514370699
pad,pad_only,82,0.5876623376623377,0.5236599713943861,0.3782568107272584,0.8593130879310525
pad,primary,82,0.551948051948052,0.5232985810270822,0.3769859431186663,0.833619572957175
hiba,pad_only,82,0.4875,0.32765939249522996,0.2886846767762515,0.7197913344617489
hiba,primary,82,0.54375,0.41252237743884,0.4073595456112789,0.8072857877936985
pad,pad_only,83,0.5888888888888889,0.5712501217468104,0.418546298521723,0.8572423550623052
pad,primary,83,0.5814814814814815,0.5330573186533452,0.3936673029064333,0.8301486962573686
hiba,pad_only,83,0.49019607843137253,0.3199708494898661,0.3022510460277301,0.7206338436888928
hiba,primary,83,0.5490196078431373,0.4566743819115736,0.4553374310044713,0.8490481013538647
pad,pad_only,84,0.6654135338345865,0.58137673258641,0.41394813795476043,0.8900462149392329
pad,primary,84,0.631578947368421,0.5723471271858368,0.3950807396560347,0.8804994122739661
hiba,pad_only,84,0.48493975903614456,0.32236418992884514,0.29223890671012603,0.7076313689106795
hiba,primary,84,0.5090361445783133,0.37245906983483046,0.35445899954967847,0.777591211061513
pad,pad_only,85,0.6843971631205674,0.634245108903044,0.45699278261706106,0.8947830311381045
pad,primary,85,0.599290780141844,0.5947575631190823,0.42678513935294504,0.8578805811247774
hiba,pad_only,85,0.5396825396825397,0.3638680193394177,0.33670033277884226,0.741850349775655
hiba,primary,85,0.5746031746031746,0.4380385973489787,0.4310711001473363,0.8299586588934411
pad,pad_only,86,0.6313868613138686,0.5766412448318248,0.43117321266176223,0.8774701052199316
pad,primary,86,0.5547445255474452,0.4999371438149514,0.34999165302730156,0.814503059053071
hiba,pad_only,86,0.5508274231678487,0.3214982430734953,0.2839891870184554,0.7333558512911864
hiba,primary,86,0.6170212765957447,0.37688277127179404,0.38539387442654355,0.8195754416013807
pad,pad_only,87,0.6666666666666666,0.5699362366029032,0.3914329502886077,0.8829984021194542
pad,primary,87,0.6007326007326007,0.47548670465337134,0.34247108257649,0.8396949628266186
hiba,pad_only,87,0.46226415094339623,0.33839275418471315,0.30700311751564546,0.7279746656729963
hiba,primary,87,0.4528301886792453,0.38354435634521983,0.39271821553069175,0.785458353842756
pad,pad_only,88,0.6232876712328768,0.5414112251687102,0.3898952329106218,0.8637545861005168
pad,primary,88,0.5273972602739726,0.4434333713525331,0.30025494611735887,0.8134279374348002
hiba,pad_only,88,0.48366013071895425,0.3450881824941975,0.3109463889584668,0.732546471646577
hiba,primary,88,0.545751633986928,0.4590531030532689,0.4721222425602605,0.8268106933189663
pad,pad_only,89,0.6223021582733813,0.5772665826705515,0.39142466444783935,0.8613139315220892
pad,primary,89,0.5827338129496403,0.5467373696466539,0.38304530716396146,0.8429813149734494
hiba,pad_only,89,0.5213414634146342,0.35423892036429105,0.31101318244299136,0.7273035793061345
hiba,primary,89,0.5365853658536586,0.42327575778557985,0.41963441513657773,0.8094584004424425
pad,pad_only,90,0.6537102473498233,0.5931408681408681,0.42146873428521964,0.8904532140820204
pad,primary,90,0.5724381625441696,0.532981232981233,0.3830784114614863,0.8618297771397154
hiba,pad_only,90,0.5118343195266272,0.35015432093770377,0.3281877555461008,0.7297447638360176
hiba,primary,90,0.5502958579881657,0.464909570662573,0.4595648012097598,0.8523825517006723
pad,pad_only,91,0.6565656565656566,0.6752389773674604,0.491127347514991,0.8936725881683318
pad,primary,91,0.5858585858585859,0.5748178021010838,0.38847530517400974,0.8449602142447006
hiba,pad_only,91,0.5,0.31867255247527165,0.27926900854385645,0.713780544987635
hiba,primary,91,0.546448087431694,0.4179702904383814,0.3979406136580633,0.7956790363672572
pad,pad_only,92,0.6688741721854304,0.6311807635620216,0.4495289616618425,0.8932987600268628
pad,primary,92,0.6291390728476821,0.5782882001752347,0.3962852185363872,0.8572302993341593
hiba,pad_only,92,0.5331632653061225,0.3472944781753255,0.3064027687734687,0.7406246210897227
hiba,primary,92,0.6020408163265306,0.4755610453661737,0.47256653656259573,0.8199957269415213
pad,pad_only,93,0.631578947368421,0.5757476771196283,0.4141939425587812,0.896429384826162
pad,primary,93,0.5649122807017544,0.5346439863208156,0.374328721515359,0.8447434536815527
hiba,pad_only,93,0.5645645645645646,0.3695487022964249,0.3178489679158383,0.7396858538732564
hiba,primary,93,0.5615615615615616,0.4002657019624672,0.3937064513139714,0.8493810208183806
pad,pad_only,94,0.5913978494623656,0.5062482128726368,0.35600828992782535,0.8597904236514357
pad,primary,94,0.5340501792114696,0.4575383525844356,0.3160590367411126,0.802334677324927
hiba,pad_only,94,0.4240506329113924,0.286774818401937,0.24962716705770366,0.7036985124866589
hiba,primary,94,0.49050632911392406,0.3953128867366156,0.41082080637899676,0.8120883668476655
pad,pad_only,95,0.6741573033707865,0.583950262114819,0.4088275804745902,0.8792170180510434
pad,primary,95,0.5543071161048689,0.41811389208541105,0.3056346614216461,0.8559323800503353
hiba,pad_only,95,0.422680412371134,0.2845950120920201,0.2650329968944099,0.708489800721686
hiba,primary,95,0.5085910652920962,0.3967567377174417,0.3944108092332336,0.7608423237664244
pad,pad_only,96,0.6360544217687075,0.6191177658154888,0.44435280748975015,0.8807276291448748
pad,primary,96,0.5986394557823129,0.5925724447093417,0.3969377540267951,0.8668502866847717
hiba,pad_only,96,0.4934640522875817,0.3540904321594859,0.3293483897980428,0.7222463424069134
hiba,primary,96,0.5098039215686274,0.4142941067173804,0.4119129245371437,0.7976150212990458
pad,pad_only,97,0.6484641638225256,0.5766318128606264,0.415005236448493,0.8641230464873305
pad,primary,97,0.552901023890785,0.4868626881338746,0.3298672957459035,0.8144538992523881
hiba,pad_only,97,0.4927536231884058,0.3147247691449461,0.28972852969158036,0.7233277787238519
hiba,primary,97,0.5971014492753624,0.4412470232700168,0.44374129223267156,0.8363835493422629
pad,pad_only,98,0.6655518394648829,0.5787568738696558,0.39799106399775536,0.8894025730453105
pad,primary,98,0.568561872909699,0.5050974505861724,0.3233404285824131,0.845382270332022
hiba,pad_only,98,0.49859943977591037,0.32030799062049065,0.2850748484118572,0.7234158117373064
hiba,primary,98,0.6386554621848739,0.41780303030303034,0.4255625128346752,0.7911494472636981
pad,pad_only,99,0.6064981949458483,0.566405806843192,0.3842663169783553,0.8634784968255628
pad,primary,99,0.5740072202166066,0.5586278730742178,0.3738190669216534,0.8424901692247898
hiba,pad_only,99,0.5259259259259259,0.33981604617617056,0.31627462126270944,0.7279694121467417
hiba,primary,99,0.5407407407407407,0.3615007687139186,0.3686959621266605,0.7951795748789334
